postId,title,body,url,author,created,permalink,flair
tsmg94,Mais o√π sont pass√© les millions de Macron ? #RothschildGate,,https://youtu.be/qM3g-E4o24k,Torbben,2022-03-31 01:38:25,/r/france/comments/tsmg94/mais_o√π_sont_pass√©_les_millions_de_macron/,Politique
tsn9bf,Painting,,https://i.redd.it/okgjqpch4mq81.jpg,jefflucas1,2022-03-31 02:20:22,/r/france/comments/tsn9bf/painting/,M√©ta
tsna3x,Swab Test Requirement from Green Flagged Countries,[removed],https://www.reddit.com/r/france/comments/tsna3x/swab_test_requirement_from_green_flagged_countries/,yourbestfriendnana,2022-03-31 02:21:31,/r/france/comments/tsna3x/swab_test_requirement_from_green_flagged_countries/,Covid-19
tsoeoh,"Comparatifs de programmes avec l'AeC, j'ai deux questions","Bonjour. Sur [https://melenchon2022.fr/programme/comparateur/](https://melenchon2022.fr/programme/comparateur/) on peut voir le programme complet Avenir en commun, et aussi ce comparateur de programmes. Int√©ressante strat√©gie que de nous donner des d√©tails dans leur programme, et de vouloir en faire la comparaison avec les autres candidats.   
Ca change, notamment avec les programmes de la droite qui semble bien plus s'appuyer sur les comp√©tences de leur commercial-candidat, au vu de leur programme que je voie assez l√©ger, voire trop l√©ger sur certains sujets en particuliers comme l'√©cologie dans son ensemble. 

On a donc le comparatif de l'AeC avec le programme de Macron, P√©cresse, Lepen, Zemmour, Jadot, Hidalgo, Roussel.... O√π sont les autres ? O√π est Lasalle par exemple, √ßa serait pourtant int√©ressant de lire leur comparatif vu qu'il pr√¥ne le rural, √ßa nous touche.    
**Pourquoi LFI s'est content√© de ne comparer que les partis √©tant haut dans les sondages ?** 

De m√™me, leur image-r√©sum√© est tr√®s illustrative et tr√®s claire....mais ne vise que les partis de droite. Je comprend l'int√©r√™t de cibler pr√©cis√©ment la droite pour diff√©rencier deux visions du monde totalement diff√©rents.  
**Pourquoi donc ne pas avoir repris le concept d'image-r√©sum√© pour les autres candidats ?** 

J'ai voulu poser la question sur le groupe fb officiel des insoumis, et sur d'autres endroits o√π ils sont actifs. Mon poteau a √©t√© syst√©matiquement refus√© ou supprim√© avant toute r√©ponse par les mod√©rateurs. Pourtant ces questions ne me semble pas n√©gative, surtout que ce site internet est partag√© par les militants insoumis pour faire conna√Ætre le programme Avenir en commun au plus grand nombre. Fait que √ßa m'√©tonne beaucoup. 

PS : Ce poteau n'est pas un piquet pour critiquer LFI. Merci de ne pas √©crire de messages haineux.",https://www.reddit.com/r/france/comments/tsoeoh/comparatifs_de_programmes_avec_laec_jai_deux/,RorvioriArdivi,2022-03-31 03:22:26,/r/france/comments/tsoeoh/comparatifs_de_programmes_avec_laec_jai_deux/,NaN
tsohtj,"Il y a 2 mois sur ce sub : ""En vrai, pensez vous vraiment que la Russie va envahir l'Ukraine ?""",,/r/france/comments/sby8vk/en_vrai_pensez_vous_vraiment_que_la_russie_va/,MarchOriginal4149,2022-03-31 03:27:14,/r/france/comments/tsohtj/il_y_a_2_mois_sur_ce_sub_en_vrai_pensez_vous/,NaN
tsrw0g,"1889, Eiffel Tower was officially opened in Paris",,https://i.redd.it/ihbbq7kzbnq81.jpg,sajiasanka,2022-03-31 06:36:37,/r/france/comments/tsrw0g/1889_eiffel_tower_was_officially_opened_in_paris/,NaN
tss6ub,Forum Libre - 2022-03-31,"**Partagez ici tout ce que vous voulez !**

-----------------------

^(Ce sujet est g√©n√©r√© automatiquement vers 7h.  -) [^(Archives.)](https://www.reddit.com/r/france/search?q=Forum+Libre+flair%3A%22Forum%22+author%3A%22automoderator%22&amp;restrict_sr=on&amp;sort=new&amp;t=all)",https://www.reddit.com/r/france/comments/tss6ub/forum_libre_20220331/,AutoModerator,2022-03-31 06:55:10,/r/france/comments/tss6ub/forum_libre_20220331/,Forum Libre
tss8tb,"Allez pas de tabous, il vous reste combien a la fin du mois apr√®s toutes vos d√©penses?","Perso apr√®s les imp√¥ts, le loyer, les charges et les loisirs je r√©ussis a avoir entr 800 et 900‚Ç¨/mois (sans enfants et dans la r√©gion PACA)",https://www.reddit.com/r/france/comments/tss8tb/allez_pas_de_tabous_il_vous_reste_combien_a_la/,theErasmusStudent,2022-03-31 06:58:41,/r/france/comments/tss8tb/allez_pas_de_tabous_il_vous_reste_combien_a_la/,Ask France 
tssgci,Putting Refugees First: French Aid Workers in Poland,,https://thebattleground.eu/2022/03/30/putting-refugees-first/,Pilast,2022-03-31 07:11:34,/r/france/comments/tssgci/putting_refugees_first_french_aid_workers_in/,Politique
tssu0q,Jeudi cr√©ation - 2022-03-31,Venez poster toutes vos cr√©ations !,https://www.reddit.com/r/france/comments/tssu0q/jeudi_cr√©ation_20220331/,Kolja420,2022-03-31 07:36:40,/r/france/comments/tssu0q/jeudi_cr√©ation_20220331/,Culture
tssubg,Caro ne peut pas utiliser ses bras. Pas de soucis elle conduira avec ses pieds,,https://www.leetchi.com/c/une-clio-pour-caro,Valinor813,2022-03-31 07:37:14,/r/france/comments/tssubg/caro_ne_peut_pas_utiliser_ses_bras_pas_de_soucis/,NaN
tsszug,D√©battons des programmes. Candidate 8/12 : Anne Hidalgo (Parti Socialiste),"#Bonjour r/france

Nous nous excusons d'avance pour la subjectivit√© et les √†-peu-pr√®s des pr√©sentations. Nous avons essay√© de prendre les sources qui nous paraissaient les plus pertinentes vis √† vis de l'√©lection pour r√©sumer leur situation, tout en restant le plus objectif possible.

[L'ordre des candidat(e)s a √©t√© repris de l'annonce officielle du Conseil Constitutionnel](https://www.conseil-constitutionnel.fr/actualites/election-presidentielle-laurent-fabius-rend-publique-la-liste-des-candidats)

#Aujourd'hui, Anne Hidalgo

N√© en Espagne en 1959, Anne Hidalgo √©migre en France en 1962. Encart√©e au PS en 1994, elle travaille dans trois cabinets minist√©riels au sein du gouvernement Lionel Jospin entre 1997 et 2002. Son travail pour la ville de Paris commence en 2001 et est √©lue conseill√®re r√©gionale d'√éle-de-France la premi√®re fois en 2004. Elle est √©lue maire de Paris en 2014 et reconduite en 2020. Fin 2021, elle gagne la primaire du PS et devient la candidate officielle du Parti Socialiste √† l'√©lection pr√©sidentielle.

- [Portrait audio de Anne Hidalgo par Le Parisien](https://www.youtube.com/watch?v=RU5HKggt6BA)

- [La page wikip√©dia de Anne Hidalgo](https://fr.wikipedia.org/wiki/Anne_Hidalgo)

- [R√©sum√© √©crit par linternaute.fr de qui est Anne Hidalgo, son historique en politique, ses id√©es et ses mesures principales de programme](https://www.linternaute.com/actualite/politique/1776392-anne-hidalgo-resultat-des-sondages-programme-la-candidature-socialiste-patine/)

##Son programme pour l'√©lection pr√©sidentielle de 2022
Liens officiels du programme de Anne Hidalgo :

- [Le pdf du programme complet](https://assets.nationbuilder.com/2022avechidalgo/pages/208/attachments/original/1645795527/Anne_Hidalgo_Programme_officiel_en_A4_l%C3%A9ger.pdf?1645795527)
- [Le site officiel qui d√©coupe son projet](https://www.2022avechidalgo.fr/notre_programme)

Quelques sites tiers qui r√©sument son programme :

- [Sur Le Progr√®s](https://www.leprogres.fr/elections/2022/01/31/le-programme-d-anne-hidalgo-\(parti-socialiste\))
- [Sur Le Monde](https://www.lemonde.fr/politique/article/2022/02/14/le-programme-d-anne-hidalgo-a-la-presidentielle-2022_6113621_823448.html)
- [Sur Le Parisien](https://www.leparisien.fr/elections/presidentielle/presidentielle-2022-le-programme-de-anne-hidalgo-07-03-2022-VAKCM3MDINBJZH5EEU5JOUZV2I.php)
- [10 points pour mieux comprendre son programme par HugoDecrypte](https://www.youtube.com/watch?v=THcPKzw9sVQ)

#Les r√®gles pour participer

Tout d'abord, un peu de mise en contexte.  
En ces temps d'√©lection, nous voudrions proposer √† tout le monde de d√©battre sur le programme des candidats et candidates.  
Le but est notamment :

- de pouvoir √©voquer des points de programme qui ne sont jamais √©voqu√©s par les m√©dias
- de donner autant d'exposition √† tous les candidats et candidates.
- de ne pas √™tre pollu√© par une actualit√© en rapport avec le ou la candidat(e)  

Les r√®gles sont strictes : 

- chaque top-comment (r√©ponse directe √† ce message) devra se r√©f√©rer √† un point du programme politique en le citant le plus pr√©cis√©ment possible. Si vous voulez commenter sans que ce soit le cas pour parler du candidat de fa√ßon plus g√©n√©rale, il vous faudra r√©pondre au commentaire qui sera √©pingl√© par un mod√©rateur pour ne pas polluer le thread.
- Un point de programme = un top-comment. Si deux top-comments parlent du m√™me point de programme, le plus actif des deux sera gard√© et l'autre supprim√©. (Pas de doublon en somme)
- il est autoris√© de parler du programme d'un(e) autre candidat(e) √† titre de comparaison ou si cela apporte √† la discussion, mais pas si c'est pour en faire la promotion.
- **Tous les comptes sont autoris√©s √† participer, mais la mod√©ration sera particuli√®rement stricte.** Pour nous aider √† correctement mod√©rer le thread, n'oubliez pas de report les commentaires qui vous semblent enfreindre les r√®gles !",https://www.reddit.com/r/france/comments/tsszug/d√©battons_des_programmes_candidate_812_anne/,Nepou,2022-03-31 07:47:52,/r/france/comments/tsszug/d√©battons_des_programmes_candidate_812_anne/,Annonce
tst3q8,How EU weapons sales are stoking an arms race between Greece and Turkey,,https://www.investigate-europe.eu/en/2022/eu-weapon-sales-stoking-arms-race-greece-turkey/,polopoto,2022-03-31 07:55:14,/r/france/comments/tst3q8/how_eu_weapons_sales_are_stoking_an_arms_race/,√âconomie
tst8ga,Recours au cabinet de conseil McKinsey : le gouvernement sur la d√©fensive,,https://www.lemonde.fr/politique/article/2022/03/31/recours-au-cabinet-de-conseil-mckinsey-la-macronie-sur-la-defensive_6119861_823448.html,viklar14,2022-03-31 08:03:36,/r/france/comments/tst8ga/recours_au_cabinet_de_conseil_mckinsey_le/,Paywall
tst9of,"[VIDEO] INFO LA DEPECHE. La direction d'un Intermarch√© du Tarn-et-Garonne affiche les visages des ""voleurs du mois"" dans le magasin",,https://www.ladepeche.fr/2022/03/30/la-direction-dun-intermarche-du-tarn-et-garonne-affiche-les-visages-des-voleurs-du-mois-dans-le-magasin-10204456.php,Je_hais_les_chiens,2022-03-31 08:06:01,/r/france/comments/tst9of/video_info_la_depeche_la_direction_dun/,Soci√©t√©
tstbs9,Sondage Salaires d'AirFrance : M√©diane de 37k‚Ç¨/an,"&amp;#x200B;

https://preview.redd.it/c5oqvowztnq81.png?width=2138&amp;format=png&amp;auto=webp&amp;s=53e80df96ed72e5df4453167a8d03b5fade16d3b",https://www.reddit.com/r/france/comments/tstbs9/sondage_salaires_dairfrance_m√©diane_de_37kan/,GoldenSonar,2022-03-31 08:10:10,/r/france/comments/tstbs9/sondage_salaires_dairfrance_m√©diane_de_37kan/,√âconomie
tstnp4,L‚Äôambitieux plan de Bruxelles pour une √©conomie circulaire √† l‚Äô√©chelle europ√©enne,,https://www.lemonde.fr/planete/article/2022/03/30/l-ambitieux-plan-de-bruxelles-pour-une-economie-circulaire-a-l-echelle-europeenne_6119856_3244.html,smoke_carrot,2022-03-31 08:33:52,/r/france/comments/tstnp4/lambitieux_plan_de_bruxelles_pour_une_√©conomie/,Paywall
tstvi7,Et c‚Äôest qui qui ne va pas au mondial 2022 ?,,https://v.redd.it/uzk310kx1oq81,alapaje,2022-03-31 08:49:38,/r/france/comments/tstvi7/et_cest_qui_qui_ne_va_pas_au_mondial_2022/,Humour
tstynf,√áa fait des plans de bataille s√©rieux chez nos amis qu√©b√©cois pour prendre des territoires (dans r/place),,/r/Quebec/comments/tsou6d/rplace_plan_de_bataille/,EmuVerges,2022-03-31 08:55:56,/r/france/comments/tstynf/√ßa_fait_des_plans_de_bataille_s√©rieux_chez_nos/,Culture
tsu5fw,Droits en tant que candidat √† un job,[removed],https://www.reddit.com/r/france/comments/tsu5fw/droits_en_tant_que_candidat_√†_un_job/,RealisticTrouble,2022-03-31 09:09:02,/r/france/comments/tsu5fw/droits_en_tant_que_candidat_√†_un_job/,Forum Libre
tsu745,"L'inflation augmente encore en mars en France et atteint 4,5% sur un an, selon l'Insee",,https://www.francetvinfo.fr/economie/inflation/l-inflation-augmente-encore-en-mars-en-france-et-atteint-4-5-sur-un-an-selon-l-insee_5054995.html,BoeufCarottes,2022-03-31 09:12:25,/r/france/comments/tsu745/linflation_augmente_encore_en_mars_en_france_et/,√âconomie
tsu983,"""Covid Resilience Ranking"" de Bloomberg: la France 5√®me du classement.",,https://www.bloomberg.com/graphics/covid-resilience-ranking/,Luoman2,2022-03-31 09:16:51,/r/france/comments/tsu983/covid_resilience_ranking_de_bloomberg_la_france/,Covid-19
tsubao,"French Inflation Jumps More Than Expected, Reaching Fresh Record",,https://www.bloomberg.com/news/articles/2022-03-31/french-inflation-jumps-more-than-expected-reaching-fresh-record,Fearless-Cricket3297,2022-03-31 09:21:01,/r/france/comments/tsubao/french_inflation_jumps_more_than_expected/,√âconomie
tsugne,[Rant] Courage √† tous les aspirants ma√Ætre de conf√©rence et professeur des univerrsit√©s,"Ce soir, √† 16h, heure de Paris, se cl√¥ture la p√©riode de 1 mois pour poser les dossiers de candidature. Ce matin √† 3h du mat le site n'√©tait plus accessible (trop de requ√™tes je suppose). Ce matin √† 9h il ne l'√©tait toujours pas. Et je pr√©sume qu'il sera en rade jusqu'√† ce soir 16h.

C'est un scandale qu'un service aussi important tourne sur une patate, que le syst√®me ne soit pas capable d'encaisser le flux.

\&gt;Oui mais l'infra √ßa coute cher pour un truc utile une fois par an

Oui, mais c'est un service public, donc c'est pas cens√© foirer. Donc paie.

\&gt;Oui mais tu avais un mois pour poser ton dossier

Non, tu avais un mois pour d√©couvrir toutes les annonces, prendre contact avec les √©quipes de recherches et les √©quipes d'enseignement de l'endroit o√π tu veux candidater, faire des r√©unions, √©crire ton projet de recherche et d'enseignement et faire des aller-retours avec les m√™mes √©quipes pour voir si ien effet √ßa colle bien, r√©cup√©rer des documents administratifs, des lettres de recommandation, et accessoirement, normalement, continuer son travail normal.

Je fais partie de ceux qui ""par s√©curit√©"" ont mis un dossier pratiquement complet hier (manquant juste un justificatif mineur) et qui voulais mettre √† jour aujourd'hui, bah c'est bais√©.

Donc j'esp√®re que pour tous et toutes ici qui candidatent ont pu mettre un dossier aussi complet de possible, et puisse le sort vous √™tre favorable (mais moins qu'√† moi pour les postes que je vise, parce que bon... √ßa reste un concours. Rien de personnel l√† dedans bien entendu.)",https://www.reddit.com/r/france/comments/tsugne/rant_courage_√†_tous_les_aspirants_ma√Ætre_de/,o4ub,2022-03-31 09:32:11,/r/france/comments/tsugne/rant_courage_√†_tous_les_aspirants_ma√Ætre_de/,NaN
tsujnm,Jeune prof en mutation,"Bonjour bonjour,

J'ai pas vue de sous sp√©cifique pour les profs francophones donc je demande ici. Je suis prof stagiaire dans le secondaire depuis cette ann√©e, et pour l'ann√©e prochaine j'ai fait mes voeux intra-acad√©miques (Lille) sur i-prof. Je viens de recevoir un message sur ce m√™me i-prof pour me dire que je dois uploader une lettre de motivation parce que certains des postes que j'ai choisis (j'ai mis 25 voeux dont une ZR et deux communes) sont SPEA. J'ai cr√ª comprendre que SPEA c'est les postes o√π c'est le chef d'√©tablissement qui recrute, donc pas sur bar√®me, genre les sections euro tout √ßa je suppose. Maintenant, aucun moyen de savoir pr√©cis√©ment lesquels de mes voeux sont SPEA, et surtout on a visiblement droit qu'√† une seule lettre de motivation pour tous ces √©ventuels postes.

Du coup je fais comment ? Je m'adresse √† qui dans ma lettre ? M./Mme X ? Je tourne √ßa comment si je sais pas √† qui/quel √©tablissement je m'adresse et pourquoi ?",https://www.reddit.com/r/france/comments/tsujnm/jeune_prof_en_mutation/,GryfTheBadger,2022-03-31 09:38:36,/r/france/comments/tsujnm/jeune_prof_en_mutation/,NaN
tsuoj6,La Tch√©tch√©nie - Dictature Tour - L'Effet Papillon,,https://www.youtube.com/watch?v=bHjMWfUGWgU,randomario,2022-03-31 09:49:12,/r/france/comments/tsuoj6/la_tch√©tch√©nie_dictature_tour_leffet_papillon/,M√©ta
tsuor6,Augmentation qui tourne √† la vinaigrette,[removed],https://www.reddit.com/r/france/comments/tsuor6/augmentation_qui_tourne_√†_la_vinaigrette/,Gomezator,2022-03-31 09:49:42,/r/france/comments/tsuor6/augmentation_qui_tourne_√†_la_vinaigrette/,NaN
tsuuu3,"Derri√®re le programme du candidat Macron, les recommandations de McKinsey",,https://www.marianne.net/politique/macron/derriere-le-programme-du-candidat-macron-les-recommandations-de-mckinsey,kaeioo,2022-03-31 10:02:29,/r/france/comments/tsuuu3/derri√®re_le_programme_du_candidat_macron_les/,Paywall
tsv1a9,Claude Fran√ßois - Llora El Telefono,,https://www.youtube.com/watch?v=Db5XeQsaDH0,BoeufCarottes,2022-03-31 10:16:49,/r/france/comments/tsv1a9/claude_fran√ßois_llora_el_telefono/,Culture
tsv2mh,les redditeurs de Montpellier,[removed],https://www.reddit.com/r/france/comments/tsv2mh/les_redditeurs_de_montpellier/,Regular-Watercress98,2022-03-31 10:19:50,/r/france/comments/tsv2mh/les_redditeurs_de_montpellier/,Ask France 
tsv5o1,Le programme √©conomique du RN d√©chiffr√©,,https://www.liberation.fr/politique/elections/le-programme-economique-du-rn-dechiffre-20220330_HWP77UQDNJHRZKR3676SFPLEIM/,BoeufCarottes,2022-03-31 10:26:22,/r/france/comments/tsv5o1/le_programme_√©conomique_du_rn_d√©chiffr√©/,Elections
tsv60q,"La guerre vue de Russie: syst√®me politique, sanctions, corruption et complicit√©s expliqu√©es par un chat bleu.",,https://www.youtube.com/watch?v=LqcZ0m0d5pU&amp;t=323s,ecodemo,2022-03-31 10:27:12,/r/france/comments/tsv60q/la_guerre_vue_de_russie_syst√®me_politique/,NaN
tsv7m1,√âric Dupond-Moretti se vante d‚Äôavoir sugg√©r√© une enqu√™te sur les sources de Mediapart,,https://www.mediapart.fr/journal/france/310322/eric-dupond-moretti-se-vante-d-avoir-suggere-une-enquete-sur-les-sources-de-mediapart,Folivao,2022-03-31 10:30:33,/r/france/comments/tsv7m1/√©ric_dupondmoretti_se_vante_davoir_sugg√©r√©_une/,Paywall
tsvb15,L'ancien maire d'Amebleteuse a √©t√© condamn√© a 2 mois de prison avec sursis pour la destruction d'un champ sur lequel poussait une esp√®ce prot√©g√©e d'orchid√©e : l'orchis bouffon,,https://www.leparisien.fr/environnement/pas-de-calais-un-ancien-maire-condamne-pour-avoir-saccage-une-espece-dorchidee-protegee-31-03-2022-ECKOKRKJBNDF5HLJCEEC4XGOPA.php,ArDchi,2022-03-31 10:37:58,/r/france/comments/tsvb15/lancien_maire_damebleteuse_a_√©t√©_condamn√©_a_2/,Soci√©t√©
tsvbji,La France malade de son renseignement,,https://lemamouth.blogspot.com/2022/03/la-france-malade-de-son-renseignement.html,Ragarnoy,2022-03-31 10:39:07,/r/france/comments/tsvbji/la_france_malade_de_son_renseignement/,Actus
tsve3d,Un moyen simple de lutter contre les arnaques par SMS.,[removed],https://www.reddit.com/r/france/comments/tsve3d/un_moyen_simple_de_lutter_contre_les_arnaques_par/,Tchaala_,2022-03-31 10:44:35,/r/france/comments/tsve3d/un_moyen_simple_de_lutter_contre_les_arnaques_par/,NaN
tsvfgw,Je suis en conf√©rence avec JM Jancovici. Quelles questions voulez vous lui poser ?,[removed],https://www.reddit.com/r/france/comments/tsvfgw/je_suis_en_conf√©rence_avec_jm_jancovici_quelles/,Sad-Savings6890,2022-03-31 10:47:30,/r/france/comments/tsvfgw/je_suis_en_conf√©rence_avec_jm_jancovici_quelles/,√âcologie
tsviiz,Retour de l'hiver - gel√©es matinales en avril,,https://www.ventusky.com/?p=47.5;3.5;5&amp;l=temperature-2m&amp;t=20220403/0400,LuborS,2022-03-31 10:54:27,/r/france/comments/tsviiz/retour_de_lhiver_gel√©es_matinales_en_avril/,Science
tsvj6k,"Climat, √©nergie : les candidats (sauf Macron) r√©pondent √† The Shift Project sur les mesures pour lutter contre le changement climatique",,https://theshiftproject.org/article/climat-energie-reponses-candidats-presidentielle-shift/,tutatotu,2022-03-31 10:55:53,/r/france/comments/tsvj6k/climat_√©nergie_les_candidats_sauf_macron/,Politique
tsvlgi,Pieds gonfl√©s apr√®s extraction des dents de sagesse WTF,"Tout est dit, me suis fait extraire les quatres dents sous anesth√©sie g√©n√©rale hier aprem. Et ce matin je me r√©veille avec des petites patates √† la place des pieds... 
M√™me les infirmi√®res qui m'ont rappel√© pour prendre de mes nouvelles ont pas compris, elles m'ont juste dit de relever mes jambes 

X) personne a eu des trucs bizarres comme √ßa voire la m√™me chose ?",https://www.reddit.com/r/france/comments/tsvlgi/pieds_gonfl√©s_apr√®s_extraction_des_dents_de/,n00nereal-1ly,2022-03-31 11:00:20,/r/france/comments/tsvlgi/pieds_gonfl√©s_apr√®s_extraction_des_dents_de/,NaN
tsvtn3,Leroy Merlin not only stays in Russia. The company cut off Ukrainian workers from the communication system,,https://www.world-today-news.com/leroy-merlin-not-only-stays-in-russia-the-company-cut-off-ukrainian-workers-from-the-communication-system/,Thebunkerparodie,2022-03-31 11:17:30,/r/france/comments/tsvtn3/leroy_merlin_not_only_stays_in_russia_the_company/,Actus
tsvy1z,"Inceste : exhibitionnisme, manie du thermom√®tre rectal, attouchements... Emmanuel raconte sa ""m√®re dragon""",,https://www.ladepeche.fr/2022/03/30/inceste-exhibitionnisme-manie-du-thermometre-rectal-attouchements-emmanuel-raconte-sa-mere-dragon-10203633.php,rienquelaverite,2022-03-31 11:26:51,/r/france/comments/tsvy1z/inceste_exhibitionnisme_manie_du_thermom√®tre/,NaN
tsw66o,Cherche √©couteurs pour conduits auditifs minuscules,"Bonjour tout le monde ! 
J‚Äôaimerai savoir si des gens ont le m√™me probl√®me que moi; je ne peux pas utiliser d‚Äô√©couteurs car ils ne tiennent pas dans mes oreilles. J‚Äôen ai utilis√© de plusieurs sortes diff√©rentes et √† chaque fois ils tombent directement (m√™me ceux dont ont peut changer la grosseur de l‚Äôembout). 
Vous savez si certaines marques proposent des √©couteurs pour oreilles atrophi√©es comme les miennes ?",https://www.reddit.com/r/france/comments/tsw66o/cherche_√©couteurs_pour_conduits_auditifs/,Amynopty,2022-03-31 11:44:10,/r/france/comments/tsw66o/cherche_√©couteurs_pour_conduits_auditifs/,NaN
tsw6bi,[Rant] Ma belle-m√®re est complotiste,[removed],https://www.reddit.com/r/france/comments/tsw6bi/rant_ma_bellem√®re_est_complotiste/,CellularIdiot,2022-03-31 11:44:27,/r/france/comments/tsw6bi/rant_ma_bellem√®re_est_complotiste/,NaN
tsw796,Scandale Buitoni : un ancien salari√© t√©moigne,,https://www.youtube.com/watch?v=9kMi0GaW7bg,IamHumanAndINeed,2022-03-31 11:46:28,/r/france/comments/tsw796/scandale_buitoni_un_ancien_salari√©_t√©moigne/,Actus
tsw7xt,"Inflation : le smic va augmenter automatiquement le 1er mai entre 2,4 et 2,6%, annonce le minist√®re du Travail",,https://www.francetvinfo.fr/economie/inflation/inflation-le-smic-va-augmenter-automatiquement-le-1er-mai-entre-2-4-et-2-6-annonce-le-ministere-du-travail_5055106.html,diafen,2022-03-31 11:48:01,/r/france/comments/tsw7xt/inflation_le_smic_va_augmenter_automatiquement_le/,NaN
tswd37,c‚Äôest d√©j√† le 1er avril ?,,https://www.automobile-magazine.fr/insolite/article/33282-rencontres-votre-future-date-geolocalisee-grace-a-sa-plaque-dimmatriculation,alapaje,2022-03-31 11:59:08,/r/france/comments/tswd37/cest_d√©j√†_le_1er_avril/,Humour
tswexc,https://linktr.ee/madd666,,https://i.redd.it/8yqzlhp90pq81.jpg,skinnymad,2022-03-31 12:02:04,/r/france/comments/tswexc/httpslinktreemadd666/,NaN
tswhdv,"46 pays, dont le Royaume-Uni, passent de la zone orange √† la zone verte. üü¢ D√©marche simplifi√©e pour les non vaccin√©s qui viennent en France: fin du motif imp√©rieux et de la d√©claration sur l‚Äôhonneur obligatoire, et fin du test possible √† l‚Äôarriv√©e.",,https://i.redd.it/90mpkbv51pq81.jpg,Fearless-Cricket3297,2022-03-31 12:07:04,/r/france/comments/tswhdv/46_pays_dont_le_royaumeuni_passent_de_la_zone/,Covid-19
tswlxt,Besoin de conseils pour la n√©gociation d‚Äôun contrat de travail,"Salut r/France
J‚Äôai 19 ans et je compte aller sur la c√¥te ouest cet √©t√© pour bosser (et y rester apr√®s si je peux. J‚Äôai comme projet de partir √† l‚Äô√©tranger et j‚Äôai besoin d‚Äôargent)
J‚Äôai pas d‚Äôexp√©rience professionnelle hors la vente d‚Äôhu√Ætres le dimanche matin. 
Je regarde o√π je pourrais me loger, et il y a rien √† moins de 500‚Ç¨. J‚Äôai pas le permis B.
J‚Äôaimerais mettre un peut de c√¥t√©, sauf que avec un smic c‚Äôest compliqu√© et je n‚Äôai jamais n√©goci√© un contrat de travail. 
Est-ce que n√©gocier pour avoir une peut plus que le smic c‚Äôest jouable, en sachant que je serais s√ªrement pas le seul √† postuler? Si oui, comment faire? 
Merci beaucoup pour votre aide",https://www.reddit.com/r/france/comments/tswlxt/besoin_de_conseils_pour_la_n√©gociation_dun/,Nikitafrenches,2022-03-31 12:16:31,/r/france/comments/tswlxt/besoin_de_conseils_pour_la_n√©gociation_dun/,Ask France 
tswm2q,McKinshasa | Mozinor,,https://youtu.be/CbfwDlMqzBg,jeyreymii,2022-03-31 12:16:49,/r/france/comments/tswm2q/mckinshasa_mozinor/,Humour
tswm56,Int√©ressante fa√ßon d'illustrer la fortune hallucinante des milliardaires.,,/r/LateStageCapitalism/comments/tsv2rx/visualisation_of_the_wealth_of_billionaires/,lechatmur,2022-03-31 12:16:58,/r/france/comments/tswm56/int√©ressante_fa√ßon_dillustrer_la_fortune/,NaN
tswopz,AJA que la fameuse photo de chirac qui saute les barri√®res du m√©tro c'est parce qu'il ne savait pas utiliser le tourniquet,,https://www.francetvinfo.fr/replay-radio/on-ne-pouvait-pas-le-rater/on-ne-pouvait-pas-le-rater-jacques-chirac-a-t-il-fraude-le-metro-parisien-en-1980_3619739.html,Herlock,2022-03-31 12:22:11,/r/france/comments/tswopz/aja_que_la_fameuse_photo_de_chirac_qui_saute_les/,Soci√©t√©
tswp5w,"Bonjour chers amis, qu'est-ce que sont ces mails ? J'imagine que c'est un truc du genre hame√ßonnage et autres joyeuset√©s... quand je vais sur mes redirections automatiques il n'y a rien. √áa fait plusieurs ann√©es et √ßa commence √† m'inqui√©ter.",,https://i.redd.it/wy1aj7314pq81.jpg,estrella_de_mar,2022-03-31 12:23:10,/r/france/comments/tswp5w/bonjour_chers_amis_questce_que_sont_ces_mails/,NaN
tswpj2,Id√©e re√ßue | Faut-il arr√™ter de faire des enfants pour sauver le climat ?,,https://www.mediapart.fr/journal/culture-idees/250222/faut-il-arreter-de-faire-des-enfants-pour-sauver-le-climat,g_othmane,2022-03-31 12:23:56,/r/france/comments/tswpj2/id√©e_re√ßue_fautil_arr√™ter_de_faire_des_enfants/,Paywall
tswpz5,"McKinsey, nouvel exutoire populiste",,https://i.redd.it/i4512syb4pq81.jpg,r_a_b7,2022-03-31 12:24:51,/r/france/comments/tswpz5/mckinsey_nouvel_exutoire_populiste/,Politique
tswr3g,Est ce que √ßa fait forceur de demander les r√©seaux de quelqu'un ?,"Bonjour/bonsoir, √©tant quelqu'un qui est souvent seul au lyc√©e ( par choix, j'arrive pas √† me m√™ler aux autres ) il n'est pas rare qu'√† certains moments certaines personnes viennent vers moi et qu'on entame plus ou moins bien une conversation, et, certaines fois, le feeling passe plut√¥t bien et j'aimerais bien continuer √† parler √† ces personnes mais j'ai aucune id√©e de comment ils peuvent prendre que je leur demande leurs r√©seaux / leur num√©ro de tel.... Et donc je ne demande rien du tout, la conversation ce termine et je ne les recroise plus. En aucun cas j'ai envie de flirter avec ces personnes mais juste discuter, devenir pote quoi, mais je sais pas comment ils le prendraient. On peut m'aider svp ? Devrais-je continuer ? Devrais-je demander la prochaine fois ? Comment ?",https://www.reddit.com/r/france/comments/tswr3g/est_ce_que_√ßa_fait_forceur_de_demander_les/,Logane72,2022-03-31 12:27:13,/r/france/comments/tswr3g/est_ce_que_√ßa_fait_forceur_de_demander_les/,Ask France 
tswwsv,Versailles : un v√©t√©tiste roule volontairement sur un chien et le tue,,https://actu.fr/ile-de-france/versailles_78646/versailles-un-vetetiste-roule-volontairement-sur-un-chien-et-le-tue_49835574.html,kadreg,2022-03-31 12:38:55,/r/france/comments/tswwsv/versailles_un_v√©t√©tiste_roule_volontairement_sur/,Fait Divers
tswzmf,[L'Opinion] Pr√©sidentielle : jusqu'o√π ira Marine Le Pen?,,https://www.lopinion.fr/elections/presidentielle/presidentielle-jusquou-ira-marine-le-pen,lodewijk_vdb,2022-03-31 12:44:21,/r/france/comments/tswzmf/lopinion_pr√©sidentielle_jusquo√π_ira_marine_le_pen/,Elections
tsx12d,"Pour ceux qui bossent en magasin (caissiers, employ√©s polyvalents etc...), est-ce que vous trouvez que c'est malpoli quand un client se plaint ouvertement du prix d'un article ?","Salut Air France,

Je suis employ√© polyvalent dans un magasin bio, et il faut admettre que dans ces magasins l√† c'est cher. Si un client me dit gentiment ""Ah c'est un peu cher je vais partir sur autre chose"", ou celui qui constate un peu tristement que les prix augmentent (et on en discute, je suis souvent d'accord) aucun souci, mais j'ai du mal √† ne pas √™tre agac√© par le mec qui arrive et qui parle tout haut bien fort en s'adressant √† sa femme genre ""Non mais t'as vu les prix ?? C'est n'importe quoi !"".  
D'un c√¥t√© je comprends, mais de l'autre j'sais pas √ßa me soule.

Apr√®s √ßa me soule moins que les gens qui viennent demander des trucs sans m√™me dire bonjour.

Vous en pensez quoi ?",https://www.reddit.com/r/france/comments/tsx12d/pour_ceux_qui_bossent_en_magasin_caissiers/,PinceauFourbe,2022-03-31 12:47:10,/r/france/comments/tsx12d/pour_ceux_qui_bossent_en_magasin_caissiers/,NaN
tsx1ei,Un avocat pour le proces contre locataire?,"Quelqu'un a d√©j√† fais appel dans un proc√®s (simple) contre un locataire qui ne paye pas? Est ce vraiment utile, ou l'argent jet√© par la fenetre?",https://www.reddit.com/r/france/comments/tsx1ei/un_avocat_pour_le_proces_contre_locataire/,Murky_Schedule_2570,2022-03-31 12:47:50,/r/france/comments/tsx1ei/un_avocat_pour_le_proces_contre_locataire/,NaN
tsx4x2,Comment savoir si la commercialisation d'un produit est l√©gal ou non en France ?,"Je me pose la question de la l√©galit√© de l'huile Kwan loong, de l'huile m√©dicinales eagles brand et du salonpass qu'on peut trouver sur Amazon. 

On en vendait il y a longtemps dans le commerce familiale mais on a arr√™t√© par peur d'un contr√¥le, ce que je trouve pas mal car c'√©tait vraiment pas mal.

J'essaye de voir sur internet si c'est toujours ill√©gal mais impossible de trouver une quelconque mention d'ill√©galit√©.",https://www.reddit.com/r/france/comments/tsx4x2/comment_savoir_si_la_commercialisation_dun/,moutonSupreme,2022-03-31 12:54:31,/r/france/comments/tsx4x2/comment_savoir_si_la_commercialisation_dun/,Ask France 
tsx8ye,Le compte y est pas kevin.,,https://i.redd.it/s45753rpapq81.png,romuald244,2022-03-31 13:01:21,/r/france/comments/tsx8ye/le_compte_y_est_pas_kevin/,Humour
tsxfkm,Finist√®re : la centrale au gaz de Landivisiau sera mise en service ce jeudi,,https://www.lefigaro.fr/societes/finistere-la-centrale-au-gaz-de-landivisiau-sera-mise-en-service-ce-jeudi-20220330,Gadac,2022-03-31 13:13:58,/r/france/comments/tsxfkm/finist√®re_la_centrale_au_gaz_de_landivisiau_sera/,√âcologie
tsxg9b,Sakhaline-2 : le Japon ne pr√©voit pas de se retirer du grand projet gazier avec la Russie,,https://www.connaissancedesenergies.org/afp/sakhaline-2-le-japon-ne-prevoit-pas-de-se-retirer-du-grand-projet-gazier-avec-la-russie-220331,Tortolino,2022-03-31 13:15:17,/r/france/comments/tsxg9b/sakhaline2_le_japon_ne_pr√©voit_pas_de_se_retirer/,Actus
tsxim1,"La fabrique du cr√©tin. Tome 2, Vers l'apocalypse scolaire - Jean-Paul Brighelli",,https://actualitte.com/livres/421545/la-fabrique-du-cretin-tome-2-vers-l-apocalypse-scolaire,BlueDusk99,2022-03-31 13:19:37,/r/france/comments/tsxim1/la_fabrique_du_cr√©tin_tome_2_vers_lapocalypse/,Soci√©t√©
tsxjob,Comment r√©server ma place sur Air Corsica,,https://www.edocr.com/v/e3l8jzzn/justfindfares8/comment-reserver-ma-place-sur-air-corsica,justfindfares,2022-03-31 13:21:31,/r/france/comments/tsxjob/comment_r√©server_ma_place_sur_air_corsica/,NaN
tsxjqh,Rant : vous n‚Äôavez pas connu le seum tant que votre ballon d‚Äôeau chaude n‚Äôexplose pas la veille de votre √©tat d√®s lieux de sortie,"Voil√† tout est dit. C‚Äôest mon rant du jour 

Mardi je quitte mon ancien appart en ayant bien nettoyer en partie pour mon √©tat des lieux vendredi. Ras 

Hier 15h une agent immobilier fait visiter l‚Äôappartement vu que je leur ai laiss√© les clefs 

Je reviens aujourd‚Äôhui √† l‚Äôinstant pour finir le m√©nage bien content de passer √† autre chose et d‚Äô√™tre d√©barrass√©. La chambre est inond√©e, le ballon d‚Äôeau chaude par je ne sais quel magie fuit complet. J‚Äôarrive √† avoir personne de l‚Äôagence sans attendre 20 minutes. Je vais peter un c√¢ble",https://www.reddit.com/r/france/comments/tsxjqh/rant_vous_navez_pas_connu_le_seum_tant_que_votre/,xdadrunkx,2022-03-31 13:21:38,/r/france/comments/tsxjqh/rant_vous_navez_pas_connu_le_seum_tant_que_votre/,Forum Libre
tsxm7m,Spray Anti-Aggression / Pepper Spray Question,"Bonjour, desolee ma francaise n'est pas le mieux. TLDR; j'ai trouve la petite amie d'une homme avec qui j'ai unaventure pour plus que une annee. Je l'ai dit et maintenant il me menace. Ou puis-je acheter un petite chose de ""pepper spray?"" aussi, si il m'attaque comme il a dit pour quelque jours maintenant, est-que c'e illegal pour moi a le utilise?

Hello! Long story. TLDR: I found out the guy I've been hooking up with for a year now has a gf. I told her because I'd want to know. Now he's been harassing me for 2 says and threatening me. I live in a small town in France. What kind of keywords should I type into google to find where i can buy a little can of pepper spray? Is it legal for me to use it if her really does attack me? Thanks in advance.",https://www.reddit.com/r/france/comments/tsxm7m/spray_antiaggression_pepper_spray_question/,wishtobeanelephant33,2022-03-31 13:25:57,/r/france/comments/tsxm7m/spray_antiaggression_pepper_spray_question/,NaN
tsxoib,"Covid &amp; ""brouillard mental""","Bonjour √† tous !

Cela fait une semaine que j'ai le Covid (j'ai r√©ussi √† y √©chapper jusqu'√† maintenant...), rien de bien grave, que des petits sympt√¥mes (j'ai un sch√©ma vaccinal complet) cependant, cela fait bien 3-4 jours que je ressens le fameux ""brouillard mental"" ou ""brain fog"".

N'√©tant pas trop fatigu√©, je suis capable de bosser en t√©l√©travail mais ce sympt√¥me est insupportable.

Au t√©l√©phone avec des clients ou coll√®gues, je bug, je cherche mes mots, je fais des tonnes de faute de frappe en tapant des mots de passes etc.

Ceux qui ont eu le Covid, avez vous √©prouv√© ce sympt√¥me ? Cela est pass√© au bout de combien de temps pour vous ?

Sinon, soyez prudent et prot√©gez vous bien !",https://www.reddit.com/r/france/comments/tsxoib/covid_brouillard_mental/,neiviv28,2022-03-31 13:30:02,/r/france/comments/tsxoib/covid_brouillard_mental/,NaN
tsxon7,Comment r√©server ma place sur Air Corsica,,https://www.slideserve.com/Justfind1/comment-r-server-ma-place-sur-air-corsica,justfindfares,2022-03-31 13:30:12,/r/france/comments/tsxon7/comment_r√©server_ma_place_sur_air_corsica/,NaN
tsxpsi,Comment r√©server ma place sur Air Corsica,,https://slides.com/justfindfares/comment-reserver-ma-place-sur-air-corsica,justfindfares,2022-03-31 13:32:20,/r/france/comments/tsxpsi/comment_r√©server_ma_place_sur_air_corsica/,NaN
tsxqhs,Retraite quand on a travaill√© √† l'√©tranger (UK et Canada),[removed],https://www.reddit.com/r/france/comments/tsxqhs/retraite_quand_on_a_travaill√©_√†_l√©tranger_uk_et/,french_gugus,2022-03-31 13:33:37,/r/france/comments/tsxqhs/retraite_quand_on_a_travaill√©_√†_l√©tranger_uk_et/,NaN
tsxqug,Giboul√©es de Mars en Ard√®che,,https://v.redd.it/vthpla4ogpq81,ludikO07,2022-03-31 13:34:14,/r/france/comments/tsxqug/giboul√©es_de_mars_en_ard√®che/,NaN
tsxrrd,Le continent africain dans le viseur de la cha√Æne russe RT,,https://www.lemonde.fr/economie/article/2022/03/28/le-continent-africain-dans-le-viseur-de-rt_6119392_3234.html,compte-a-usageunique,2022-03-31 13:35:53,/r/france/comments/tsxrrd/le_continent_africain_dans_le_viseur_de_la_cha√Æne/,Paywall
tsxtzv,A quelle heure est-ce que vous finissez le boulot en moyenne ?,"J'ai un boulot avec des horaires un peu charg√©s (je finis en moyenne √† 20h et quelques)  mais √©tant donn√© que c'est ma seule exp√©rience pro, j'ai du mal √† r√©aliser o√π se situe la moyenne de mes compatriotes.

√âvidemment √ßa s'applique surtout aux travailleurs avec des horaires un minimum fixe, je me doute que pour certains √ßa fluctue √âNORM√âMENT

En bref, √† quelle heure en moyenne finissez-vous votre journ√©e de boulot ?",https://www.reddit.com/r/france/comments/tsxtzv/a_quelle_heure_estce_que_vous_finissez_le_boulot/,Quadrophenya,2022-03-31 13:40:05,/r/france/comments/tsxtzv/a_quelle_heure_estce_que_vous_finissez_le_boulot/,Ask France 
tsxujw,Le corps au travail ‚Äì LSD ‚Äì France Culture,,https://www.franceculture.fr/emissions/serie/le-corps-au-travail,To-thoreau,2022-03-31 13:41:04,/r/france/comments/tsxujw/le_corps_au_travail_lsd_france_culture/,Soci√©t√©
tsxw8l,Pr√©sidentielle : faut-il √©largir l'√©galit√© de temps de parole entre les candidats au num√©rique ?,,https://www.lejdd.fr/Politique/presidentielle-faut-il-elargir-legalite-de-temps-de-parole-entre-les-candidats-au-numerique-4102732.amp,thepostmanpat,2022-03-31 13:44:08,/r/france/comments/tsxw8l/pr√©sidentielle_fautil_√©largir_l√©galit√©_de_temps/,Politique
tsy23h,"Je suis en arr√™t maladie et je m'ennuie, des id√©es pour passer le temps ?","Je suis en arr√™t maladie depuis ce matin mais √ßa va a peu pr√®s. J'ai vendredi aussi. 

C'est un peu emb√©tant, car du coup, mon stagiaire ne peux rien faire. Mais je pr√©f√®re faire passer de rhume.",https://www.reddit.com/r/france/comments/tsy23h/je_suis_en_arr√™t_maladie_et_je_mennuie_des_id√©es/,rienquelaverite,2022-03-31 13:54:42,/r/france/comments/tsy23h/je_suis_en_arr√™t_maladie_et_je_mennuie_des_id√©es/,NaN
tsy3zt,Universalisme vs particularisme,"Bonjour, bonjour,

Hier j'ai eu une discussion avec ma m√®re qui fait partie de la g√©n√©ration boomers (66 ans) et moi des millenials (28 ans) sur un sujet visiblement g√©n√©rationnel.

Elle disait globalement que √† son √©poque le socialisme √©tait universaliste et qu'aujourd'hui est devenu plut√¥t particulariste (je ne sais pas si je peux employer ce terme, si il existe et est correct dans ce contexte mais je vais m'expliquer).
Selon elle et d'autres de sa g√©n√©ration ou m√™me des g√©n√©rations proches de la sienne, le socialisme se concentrait plut√¥t sur le fait d'inclure tout le monde ind√©pendamment des particularit√©s de chacun et qu'aujourd'hui on divise les d√©bats dans des sph√®res  discrimantes par exemple se pr√©occuper du f√©minisme, du racisme, des questions lgbt etc, ce qu'elle m'expliquait c'est qu'√† l'√©poque on n'en faisait pas des sujets √† par enti√®re, de qui √©tait pour quelle valeur sp√©cifique et qu'on ne divisait pas les gens en toutes sortes de cat√©gories de genre/ethnie/culture/identit√© sexuelle. Si j'ai bien compris.

Et elle et d'autres qui ont v√©cu dans une soci√©t√© plus incluante, √ßa les d√©range fortement et selon eux c'est une d√©rive vers la discrimination abusive ou extr√™me dont il n'y aurait pas lieu d'√™tre.

Alors moi j'avoue avoir du mal √† me mette en t√™te l'image d'un socialisme universaliste ou tout simplement d'une soci√©t√© universaliste comparativement √† ce qu'on peut observer aujourd'hui, d√©j√† parce que la politique c'est pas ce qui m'int√©resse le plus mais aussi parce que j'ai effectivement depuis quelques ann√©es l'image d'une soci√©t√© √† tort ou √† raison je ne saurais dire qui effectivement fait pas mal dans le particularisme au point o√π certains inscrivent dans leur bio tous les d√©tails de leur ""identit√©"" et que donc si changement il y a eu il me para√Æt loin dans ma m√©moire.

Je lui ai r√©pondu peut √™tre qu'il y a eu besoin de faire √©merger ces questions l√† plus ostensiblement parce qu'elles n'√©taient peut √™tre pas trait√©es assez en profondeur dans le cas de l'universalisme ? Mais en fait je n'en sais rien.

Qu'est ce vous en pensez, quelque soit votre g√©n√©ration ?
Est ce que ceux qui sont issus de la m√™me g√©n√©ration que ma m√®re ont senti ce changement que ce soit politiquement ou m√™me soci√©talement ? Et sinon chacun que pensez vous de traiter les sujets sociaux/humains plut√¥t de la mani√®re incorporant tout ou plut√¥t en d√©taillant tout ou m√™me un entre deux?",https://www.reddit.com/r/france/comments/tsy3zt/universalisme_vs_particularisme/,Apophis_Night,2022-03-31 13:57:59,/r/france/comments/tsy3zt/universalisme_vs_particularisme/,Soci√©t√©
tsy66a,"Toute l'activit√© du Parlement (d√©bats, votes, questions au gouvernement, rapports, etc.) accessible sur un ""Reddit-like"", o√π les Fran√ßais peuvent discuter du travail de leur(s) repr√©sentant(s)",,https://www.demokratia.fr/,HelloImDemo,2022-03-31 14:01:08,/r/france/comments/tsy66a/toute_lactivit√©_du_parlement_d√©bats_votes/,Politique
tsy7js,questionnement au niveau de la surqualification demand√©e en France,"Salut Air France, je souhaite vous parler aujourd'hui d'un ph√©nom√®ne qui me perplexe depuis quelques ann√©es, pour voir si vous √™tes du m√™me avis ou si vous pouvez m'expliquer correctement en quoi j'ai tort.

Donc, je me pr√©sente rapidement, issue d'une famille tr√®s internationale, on s'installe en France lors de mes 4 ans et j'y reste jusqu'√† a l'obtention de mon bac (ES, √ßa existe plus √ßa nan?). J'avais fait le choix vers la premi√®re de faire mes √©tudes sup√©rieures soit en Allemagne ou en Angleterre, ayant fait des √©changes dans les deux pays et voulant go√ªter un peu plus √† l'aventure.
Au final, j'ai fait un Bachelor de trois ans en Angleterre, pensant que ce dipl√¥me serait suffisant pour m'ouvrir quelques portes. Rentr√© en France, absolument pas loto ! Je ne trouve pas un seul emploi qui offre au dessus du smic. M√™me certains qui offraient un smic me refusaient car je n'avais pas de CAP h√¥tellerie ou restauration (pour faire serveur !).


Donc je vous explique, mon dipl√¥me est dans le monde de la politique (dipl√¥me bidon mais je voulais √©tudier quelque chose qui me faisait plaisir), cependant je suis quelqu'un qui adore apprendre par soi-m√™me donc j'ai demand√© dans une multitude de secteurs. Au final, aucune r√©ponse positive apart le travail en usine, donc je d√©cide de cr√©er une petite autoentreprise de services informatiques. Tout de suite je suis pay√© en moyenne 50eur par heure, je choisis mes horaires, je m'habille comme je veux, c'est grandiose. Depuis cette exp√©rience m'a permis de me faire embaucher par une bo√Æte √† silicon Valley et je travaille maintenant aux √âtats Unis.

Cependant, tous mes amis qui ont fait √ßa ""correctement"", ont bien rentr√© tout sur APB ou parcoursup pendant leur ann√©e de terminale (la pastille verte, y'en avait qui l'ont m√™me pas eue dans ma classe), une pr√©pa, un stage pas pay√©, encore des ann√©es des ann√©es d'√©tudes, un si, un √ßa, encore des stages ou ils per√ßoivent 500 EUR par mois pour vivre √† Paris (d'apr√®s moi les stages sont exploitatifs et √ßa me choque qu'un pays avec tant de protections salariales autorise √ßa). Les 3/4 n'ont pas fini leurs √©tudes et ce qui l'ont fini touchent un tout petit peu au dessus du smic, √† peine un tiers de mon salaire.


Pensez vous vraiment que cette rigidit√© au niveau de la structure de l'emploi par le dipl√¥me est n√©cessaire ? J'ai l'impression qu'il y a un √©norme g√¢chis de potentiel, surtout pour des jeunes issus de milieux d√©savantag√©s qui n'auront jamais les moyens de payer pour tous ces stages (je sais qu'il y a des bourses et des aides mais sans rentrer dans ces d√©tails). Est-ce li√© √† un manque d'emploi en France ?",https://www.reddit.com/r/france/comments/tsy7js/questionnement_au_niveau_de_la_surqualification/,meshuggahdaddy,2022-03-31 14:03:18,/r/france/comments/tsy7js/questionnement_au_niveau_de_la_surqualification/,Ask France 
tsy8tv,Trouvez une banque sans frais de gestion.,"Salut reddit, je suis r√©cemment arriv√© en France et je sais que je dois avoir un compte bancaire pour pouvoir chercher un emploi correctement. Comme je ne veux pas trop me faire arnaquer par les frais bancaires, j'aimerais savoir s'il existe des banques qui appliquent des frais de gestion faibles ou nuls. Dans mon pays d'origine, ma banque ne me facture pas de frais de maintenance, existe-t-il des banques de ce type en France ?
Merci d'avance.",https://www.reddit.com/r/france/comments/tsy8tv/trouvez_une_banque_sans_frais_de_gestion/,ihavenonamebing,2022-03-31 14:05:28,/r/france/comments/tsy8tv/trouvez_une_banque_sans_frais_de_gestion/,NaN
tsybfj,"D'apr√®s mon sondage effectu√© avec une rigueur exemplaire bas√© sur les hauts-votes de poteaux reddit de chaque candidat, nous aurons un second tour Jean-Luc M√©lanchon vs Nathalie Arthaud",,https://i.redd.it/3txqn2qjmpq81.png,EbonyHelicoidalRhino,2022-03-31 14:09:27,/r/france/comments/tsybfj/dapr√®s_mon_sondage_effectu√©_avec_une_rigueur/,M√©ta
tsycp7,"Pr√©sidentielle 2022 : Jean-Luc M√©lenchon propose un nouveau jour f√©ri√©, s'il est √©lu",,https://www.ladepeche.fr/2022/03/31/presidentielle-2022-jean-luc-melenchon-propose-un-nouveau-jour-ferie-sil-est-elu-10206112.php,frenchchevalierblanc,2022-03-31 14:11:04,/r/france/comments/tsycp7/pr√©sidentielle_2022_jeanluc_m√©lenchon_propose_un/,Politique
tsyeo6,Marine Le Pen : un programme fondamentalement d‚Äôextr√™me droite derri√®re une image adoucie,,https://www.lemonde.fr/election-presidentielle-2022/article/2022/03/31/presidentielle-2022-derriere-la-normalisation-de-marine-le-pen-un-projet-qui-reste-d-extreme-droite_6119942_6059010.html,Einstein2004113,2022-03-31 14:14:08,/r/france/comments/tsyeo6/marine_le_pen_un_programme_fondamentalement/,NaN
tsyjea,Bon pour accord.,"J‚Äôai un coll√®gue qui au lieu de dire par exemple ¬´¬†ok je serais l√†¬†¬ª par mail r√©pond toujours ¬´¬†bon pour accord¬†¬ª et il me fout les nerfs derri√®re mon √©cran. 
Vous aussi vous dites des trucs √† la con comme √ßa o√π vous avez des coll√®gues du m√™me genre qui vous insupportent avec leurs petites phrases?",https://www.reddit.com/r/france/comments/tsyjea/bon_pour_accord/,kortal34,2022-03-31 14:21:34,/r/france/comments/tsyjea/bon_pour_accord/,Ask France 
tsymni,Tableau des techniques illusoires signal√©es au Conseil national de l‚Äôordre des masseurs-kin√©sith√©rapeutes L'ordre des kin√©s publie ce doc qui balance sur les pseudo-sciences.,,https://www.ordremk.fr/wp-content/uploads/2022/03/tableau_techniques_illusoires.pdf,Pb_Flo,2022-03-31 14:26:50,/r/france/comments/tsymni/tableau_des_techniques_illusoires_signal√©es_au/,Science
tsymw7,Why Ukraine must win (article en commentaires),,https://www.economist.com/leaders/2022/04/02/why-ukraine-must-win,stan_tri,2022-03-31 14:27:14,/r/france/comments/tsymw7/why_ukraine_must_win_article_en_commentaires/,NaN
tsyqxl,Concentration des m√©dias : les s√©nateurs s‚Äôaccordent sur un texte consensuel,,https://www.lemonde.fr/economie/article/2022/03/31/concentration-des-medias-les-senateurs-s-accordent-sur-un-texte-consensuel_6119933_3234.html,NoFrontiers,2022-03-31 14:33:44,/r/france/comments/tsyqxl/concentration_des_m√©dias_les_s√©nateurs_saccordent/,√âconomie
tsyuu0,Comment r√©server ma place sur Air Corsica,,https://youtube.com/watch?v=PS1ksU61OwQ&amp;feature=share,justfindfares,2022-03-31 14:40:07,/r/france/comments/tsyuu0/comment_r√©server_ma_place_sur_air_corsica/,NaN
tsyz1p,Quebec LARGEST Real Estate Project,,https://youtube.com/watch?v=1h4E1uFjMSY&amp;feature=share,richardking2024,2022-03-31 14:46:45,/r/france/comments/tsyz1p/quebec_largest_real_estate_project/,NaN
tsz63m,[Sale histoire] Prestations offertes et jeux d‚Äôinfluence : r√©v√©lations sur McKinsey et Macron...,,https://www.mediapart.fr/journal/france/310322/prestations-offertes-et-jeux-d-influence-revelations-sur-mckinsey-et-emmanuel-macron,eouty,2022-03-31 14:57:42,/r/france/comments/tsz63m/sale_histoire_prestations_offertes_et_jeux/,Paywall
tsz68s,"¬´ La France prie ¬ª : dans la rue, le mouvement catholique prend de l‚Äôampleur",,https://www.ouest-france.fr/societe/religions/la-france-prie-dans-la-rue-le-mouvement-catholique-prend-de-l-ampleur-05ed84c6-9331-11ec-b95d-d161ca35d1fa,Rokil,2022-03-31 14:57:56,/r/france/comments/tsz68s/la_france_prie_dans_la_rue_le_mouvement/,Soci√©t√©
tsz6t4,Prestations offertes et jeux d‚Äôinfluence : r√©v√©lations sur McKinsey et Macron,,https://www.mediapart.fr/journal/france/310322/prestations-offertes-et-jeux-d-influence-revelations-sur-mckinsey-et-emmanuel-macron,eouty,2022-03-31 14:58:48,/r/france/comments/tsz6t4/prestations_offertes_et_jeux_dinfluence/,Paywall
tsz90r,D√©m√©nager/changer d'environnement permet-il vraiment de se reconstruire ?,"Bonjour √† tous, 

Je suis arriv√© √† un moment de ma vie o√π je suis dans une impasse, je m'explique : 

Lorsque j'√©tais en √©tudes sup√©rieures, je ne me suis jamais senti √† ma place. J'ai toujours senti qu'il me manquait quelque chose. Pendant longtemps j'ai √©galement eu des probl√®mes de confiance en moi-m√™me, √ßa a √©t√© jusqu'√† douter pendant mes √©tudes, pendant mon alternance etc... Ce n'est qu'apr√®s mes √©tudes sup√©rieures que j'ai appris √† ne plus avoir de regrets dans ma vie. (Notamment avec les filles : Pendant mes √©tudes sup√©rieures je n'ai parl√© qu'√† 3 filles (dont une avec qui j'ai eu les regrets en question pendant 3 ans))

Apr√®s avoir obtenu mon master en octobre, je n'ai voulu discuter avec personne (pour me recentrer sur moi-m√™me et surtout ... apprendre √† m'aimer). Cependant un ami avait parl√© de moi √† une de ses coll√®gues, qui √©tait int√©ress√©e √©galement mais qui ne se sentait pas pr√™te √† l'√©poque √† se mettre en couple.. 

Au bout de quelques temps, mon ami en question avait organis√© quelques sorties de groupes avec ses potes (dont la fille en question et ... moi-m√™me du coup). Etant de base quelqu'un de tr√®s r√©serv√© avec les personnes que je ne connais pas, cela s'est forc√©ment ressenti quand on s'est vu mais la fille semblait toujours int√©ress√©e donc je l'ai ajout√© sur instagram pour qu'on puisse discuter durant le mois de mars. On a plut√¥t bien discut√©, on s'est vu etc ... puis la fille m'a avou√© que √ßa ne pourrait pas marcher car elle a trop de doutes (N'ayant pas la m√™me origine, elle a peur de ne pas se faire accepter par ma famille plus tard etc) et qu'elle est encore trop bless√©e par ses anciennes relations pour se mettre en couple ... Je ne vous cache pas que je suis abattu, √©tant donn√© que je ne suis m√™me pas responsable de la situation.

J'ai vraiment l'impression que tout mon travail sur moi-m√™me depuis octobre est remis en question ... 

C'est pour cela que j'ai song√© √† (enfin) prendre mon envol et m'installer seul : Etant actuellement en recherche d'emploi dans un secteur qui recrute assez facilement (en supply chain), j'ai pens√© que je pourrais √©largir mon p√©rim√®tre de recherche.   
J'ai toujours habit√© dans la m√™me ville. J'y suis n√©, j'y ai grandi, durant mes √©tudes sup√©rieures je suis rest√© chez mes parents donc je n'ai jamais habit√© seul, bref : J'ai toujours connu le m√™me patelin, je connais par coeur tous les coins de ma ville (que j'aime au fond) mais je me dis clairement que je ne peux plus continuer comme √ßa ...

Je voulais vous demander donc si d√©m√©nager/changer d'environnement m'aiderait √† repartir sur de bonnes bases s'il vous pla√Æt ?",https://www.reddit.com/r/france/comments/tsz90r/d√©m√©nagerchanger_denvironnement_permetil_vraiment/,DonQuixotteRosinante,2022-03-31 15:01:35,/r/france/comments/tsz90r/d√©m√©nagerchanger_denvironnement_permetil_vraiment/,NaN
tszc2x,AJA que Lutte Ouvri√®re a des tendances sectaires,"Tr√®s amus√© ce matin par le [billet de Thomas Legrand sur France Inter](https://www.franceinter.fr/emissions/l-edito-politique/l-edito-politique-du-jeudi-31-mars-2022), o√π il explique que les militants Lutte Ouvri√®re sont pouss√©s √† ne pas se marier (acte bourgeois), ne pas avoir d‚Äôenfants (incompatible avec le militantisme), et militer sous pseudonyme. Ce que dit Wikipedia concorde. Ils sont quand m√™me folkloriques chez LO.",https://www.reddit.com/r/france/comments/tszc2x/aja_que_lutte_ouvri√®re_a_des_tendances_sectaires/,Sulfamide,2022-03-31 15:06:00,/r/france/comments/tszc2x/aja_que_lutte_ouvri√®re_a_des_tendances_sectaires/,NaN
tszgfq,Ces Fran√ßais qui se ruent sur les agences matrimoniales pour rencontrer des Ukrainiennes,,https://v.redd.it/aw3ruar6ypq81,Crocblanc_13,2022-03-31 15:12:31,/r/france/comments/tszgfq/ces_fran√ßais_qui_se_ruent_sur_les_agences/,Soci√©t√©
tszj7n,"Le g√©n√©ral √âric Vidaud, le chef du renseignement militaire fran√ßais, remerci√©",,https://www.france24.com/fr/france/20220331-le-g%C3%A9n%C3%A9ral-%C3%A9ric-vidaud-le-chef-du-renseignement-militaire-fran%C3%A7ais-remerci%C3%A9,Nivuuu,2022-03-31 15:16:32,/r/france/comments/tszj7n/le_g√©n√©ral_√©ric_vidaud_le_chef_du_renseignement/,NaN
tszld1,How movies financed in France? I am writing my diploma about different ways of financing and government support for moviemakers industry in different countries. Can you tell anything about models of financing movie production in France? Is there any law/government support for filmmakers?,How movies financed in France? I am writing my diploma about different ways of financing and government support for moviemakers industry in different countries. Can you tell anything about models of financing movie production in France?  Is there any law/government support for filmmakers?,https://www.reddit.com/r/france/comments/tszld1/how_movies_financed_in_france_i_am_writing_my/,tripassana,2022-03-31 15:19:39,/r/france/comments/tszld1/how_movies_financed_in_france_i_am_writing_my/,Ask France 
tszvg3,The French Obesity Paradox,,https://fireinabottle.net/the-french-obesity-paradox/,rugbyvolcano,2022-03-31 15:33:43,/r/france/comments/tszvg3/the_french_obesity_paradox/,NaN
tszvs5,Votez Jean-Luc M√©lenchon au premier tour si vous √™tes social-d√©mocrate.,"Macron n‚Äôa pas besoin de votre aide pour atteindre le second tour, tout d‚Äôabord.

Si Jean-Luc M√©lenchon arrive au second tour, nous aurons engin un d√©bat dur les questions sociales : entre la retraite √† 60 or 65 ans, entre un SMIC √† 1 400 ‚Ç¨ net par mois ou des salaires qui stagnent, entre le r√©tablissement de l‚Äôimp√¥t de solidarit√© sur la fortune ou alors plus cadeaux aux riches, entre aller vers la VIe R√©publique ou maintenir la monarchie pr√©sidentielle, entre la planification publique √©cologique ou le libre march√©.

Cela signifierait que le d√©bat ne porterait ps sur le nombre d‚Äôagents de l‚Äô√âtat que l‚Äôon va supprimer, sur le nombre de r√©fugi√©s que l‚Äôon va renvoyer √† la fronti√®re ou sur le degr√© de stigmatisation des musulmans.

Pour toute la gauche, votez JLM pour le 1er tour.",https://www.reddit.com/r/france/comments/tszvs5/votez_jeanluc_m√©lenchon_au_premier_tour_si_vous/,Odd-Ad9955,2022-03-31 15:34:11,/r/france/comments/tszvs5/votez_jeanluc_m√©lenchon_au_premier_tour_si_vous/,NaN
tszz82,Excellente vid√©o pour comprendre les enjeux de la transition √©nerg√©tique en France,,https://www.youtube.com/watch?v=XbrcUz0pu80,jarboo69,2022-03-31 15:39:15,/r/france/comments/tszz82/excellente_vid√©o_pour_comprendre_les_enjeux_de_la/,√âcologie
tt098y,Est ce si terrible pour la France si Zemmour (ou MLP) est √©lu/e au second tour?,J'aimerais comprendre en quoi les deux protagonistes sont un danger pour notre ch√®re patrie,https://www.reddit.com/r/france/comments/tt098y/est_ce_si_terrible_pour_la_france_si_zemmour_ou/,mathieumaxime,2022-03-31 15:53:16,/r/france/comments/tt098y/est_ce_si_terrible_pour_la_france_si_zemmour_ou/,NaN
tt0hni,"Sarah est avocate, mais le barreau de Lille lui a interdit de plaider avec son voile. Un changement de r√®glement en 2019, qui correspond aux pressions subies alors m√™me qu'elle √©tait encore √† l'√©cole d'avocats. Et la pression sur les avocates qui portent le voile s'accentue.",,https://twitter.com/lebondyblog/status/1508508646237519872?s=21&amp;amp;t=O0pnlgw6phAfmc1JrOQ23w,Klan10,2022-03-31 16:04:14,/r/france/comments/tt0hni/sarah_est_avocate_mais_le_barreau_de_lille_lui_a/,Soci√©t√©
tt0koj,"J'ai fait des poissons d'avril √† colorier pour la classe de la petite. Je vous les passe aussi si √ßa vous int√©resse (ce serait cool de voir vos coloriages !). D√©sol√© pour la qualit√©, toujours pas de scanner et 1h30 de sommeil cette nuit. (Et y'a Harry Poiscaille !)",,https://www.reddit.com/gallery/tt0hme,surilkil,2022-03-31 16:08:24,/r/france/comments/tt0koj/jai_fait_des_poissons_davril_√†_colorier_pour_la/,Forum Libre
tt0liw,Certifications ISTBQ pour un testeur (remote / √† l'√©tranger) ?,"En recherche de conseils pour ma futur carri√®re pro

26 ans, finis mes √©tudes (MIAGE) fin 2020, et 1er ""vrai"" poste depuis 1 an dans une ESN dans une ville de taille moyenne, rentr√© √† 34k (j'ai demand√© 7-10% d'augmentation lors de mon entretien annuel).

On souhaiterait bouger avec ma copine, possiblement √† l'international (avec des pistes pour elle aux USA pour le moment)

J'ai un profil plut√¥t dev de base (J2EE, SQL), et je m'oriente vers le fonctionnel, avec notamment une mission de testeur QA depuis 4 mois, qui va se poursuivre.

Je souhaite continuer cans ce domaine, avec une √©volution de salaire, et surtout pouvoir suivre ma copine la o√π elle ira (lieu qu'on aura choisit en concertation, mais elle reste limit√©e par son domaine, ce n'est pas comme l'IT)

J'ai pens√© √† passer les certifications ISTBQ (celle de base + Agile, financ√©s par l'ESN), est ce que √ßa vous semble pertinent pour ensuite pr√©tendre √† des postes bien pay√©s + full remote / √† l'√©tranger (USA) ?",https://www.reddit.com/r/france/comments/tt0liw/certifications_istbq_pour_un_testeur_remote_√†/,chiegle,2022-03-31 16:09:32,/r/france/comments/tt0liw/certifications_istbq_pour_un_testeur_remote_√†/,NaN
tt14fg,P√©cresse : ¬´ J'aurais aim√© assister au d√©barquement ¬ª,,https://www.youtube.com/watch?v=l3uP_Ud3NCg&amp;t=47s,Adsex,2022-03-31 16:35:06,/r/france/comments/tt14fg/p√©cresse_jaurais_aim√©_assister_au_d√©barquement/,Humour
tt1fjo,Qui sont les r/fran√ßais ? je ne peux pas croire que 815 000 fran√ßais soient sur reddit.,√ßa voudrait dire qu' un fran√ßais sur 82 serait sur reddit. Impossible,https://www.reddit.com/r/france/comments/tt1fjo/qui_sont_les_rfran√ßais_je_ne_peux_pas_croire_que/,mydriase,2022-03-31 16:49:22,/r/france/comments/tt1fjo/qui_sont_les_rfran√ßais_je_ne_peux_pas_croire_que/,M√©ta
tt1h39,5 Premium Quality and best extension board in india.,,https://www.webbusy.in/2022/03/5-premium-quality-and-best-extension.html,Sarafsuyash0674,2022-03-31 16:51:16,/r/france/comments/tt1h39/5_premium_quality_and_best_extension_board_in/,NaN
tt1jto,Est ce que l‚Äôappli sfr play est disponible sur Apple TV ou chromecast avec Google tv?,"Avant d‚Äôacheter une bo√Æte j‚Äôaimerais bien savoir si c‚Äôest disponible sans faire AirPlay/cast de mon portable
Merci",https://www.reddit.com/r/france/comments/tt1jto/est_ce_que_lappli_sfr_play_est_disponible_sur/,Fil1g,2022-03-31 16:54:53,/r/france/comments/tt1jto/est_ce_que_lappli_sfr_play_est_disponible_sur/,NaN
tt1u4e,"J'ai eu un accident en live, cette situation est tr√®s grave...",,https://youtu.be/bDvy4Lnc-CE,Pomme-Poire-Prune,2022-03-31 17:07:20,/r/france/comments/tt1u4e/jai_eu_un_accident_en_live_cette_situation_est/,NaN
tt1vvm,Le masque,,https://youtube.com/watch?v=tMzIlcgnh8Y&amp;feature=share,kennykip,2022-03-31 17:09:34,/r/france/comments/tt1vvm/le_masque/,Humour
tt1w4c,Ces Fran√ßais qui se ruent sur les agences matrimoniales pour rencontrer des Ukrainiennes,,https://twitter.com/BFMTV/status/1509388088530907145,AluminiumMk1,2022-03-31 17:09:53,/r/france/comments/tt1w4c/ces_fran√ßais_qui_se_ruent_sur_les_agences/,Actus
tt22wh,"Allez, pas de tabou, Elle fait quelle taille votre bite?",J'attend.,https://www.reddit.com/r/france/comments/tt22wh/allez_pas_de_tabou_elle_fait_quelle_taille_votre/,AwscarOfAwstora,2022-03-31 17:18:30,/r/france/comments/tt22wh/allez_pas_de_tabou_elle_fait_quelle_taille_votre/,M√©ta
tt25bq,"J'ai eu un accident en live, cette situation est tr√®s grave",,https://www.youtube.com/watch?v=bDvy4Lnc-CE,ijic,2022-03-31 17:21:35,/r/france/comments/tt25bq/jai_eu_un_accident_en_live_cette_situation_est/,NaN
tt27id,combien d'heure effective travaillez vous ?,"parce que √ßa a l'air d'√™tre la tendancedu jour j'y vais aussi de ma question. Je mesure un peu mon temps de travail pour des raisons perso avec la m√©thode pomodoro(mon travail le permet). R√©sultat, je travail √† 50% de mon temps de pr√©sence. Le reste c'est des pauses, de la distractions...

et vous ? 80?100% ZERO???",https://www.reddit.com/r/france/comments/tt27id/combien_dheure_effective_travaillez_vous/,Firm_Salt_3202,2022-03-31 17:24:30,/r/france/comments/tt27id/combien_dheure_effective_travaillez_vous/,Ask France 
tt2jr7,"La France et l'Allemagne se ""pr√©parent"" √† un arr√™t potentiel des importations de gaz russe",,https://www.bfmtv.com/economie/entreprises/energie/la-france-et-l-allemagne-se-preparent-a-un-arret-potentiel-des-importations-de-gaz-russe_AD-202203310440.html,SweeneyisMad,2022-03-31 17:39:58,/r/france/comments/tt2jr7/la_france_et_lallemagne_se_pr√©parent_√†_un_arr√™t/,√âconomie
tt2nkn,$?$,[removed],https://www.reddit.com/r/france/comments/tt2nkn/_/,Hopeful_Night6180,2022-03-31 17:44:52,/r/france/comments/tt2nkn/_/,NaN
tt2uod,Comment le pouvoir a d√©moli la loi climat,,https://www.mediapart.fr/journal/france/310322/comment-le-pouvoir-demoli-la-loi-climat,ProofSpinach7,2022-03-31 17:54:20,/r/france/comments/tt2uod/comment_le_pouvoir_a_d√©moli_la_loi_climat/,Paywall
tt2zof,Le Conseil d‚Äôorientation de la strat√©gie vaccinale pr√©conise + de ¬´ solidarit√© ¬ª en faveur des immunod√©prim√©s : ‚Ä¢ encourager le respect des gestes barri√®re et le port du masque en lieu clos ‚Ä¢ am√©liorer la qualit√© de l‚Äôair ‚Ä¢ renforcer la s√©curit√© de leurs conditions de travail,,https://i.redd.it/uem2alc7sqq81.jpg,Fearless-Cricket3297,2022-03-31 18:00:26,/r/france/comments/tt2zof/le_conseil_dorientation_de_la_strat√©gie_vaccinale/,Covid-19
tt317r,Proc√®s du meurtre de Narumi : de nouvelles vid√©os √† charge contre Nicolas Zepeda,,https://www.leparisien.fr/faits-divers/proces-du-meurtre-de-narumi-de-nouvelles-videos-a-charge-contre-nicolas-zepeda-30-03-2022-AVMPVNKPWZG2BMDU3DMCZIEN5Q.php,sirijiji,2022-03-31 18:02:14,/r/france/comments/tt317r/proc√®s_du_meurtre_de_narumi_de_nouvelles_vid√©os_√†/,Fait Divers
tt3b8r,"Un agriculteur tue un cambrioleur, √âric Zemmour r√©cup√®re l'affaire",,https://www.marianne.net/politique/droite/un-agriculteur-tue-involontairement-un-cambrioleur-eric-zemmour-recupere-laffaire,OrdinaryMidnight5,2022-03-31 18:14:37,/r/france/comments/tt3b8r/un_agriculteur_tue_un_cambrioleur_√©ric_zemmour/,NaN
tt3hiv,Conflit d‚Äôint√©r√™ts : √âric Dupond-Moretti vis√© par une nouvelle plainte,,https://www.lepoint.fr/justice/conflit-d-interets-eric-dupond-moretti-vise-par-une-nouvelle-plainte-31-03-2022-2470425_2386.php,Tortolino,2022-03-31 18:22:31,/r/france/comments/tt3hiv/conflit_dint√©r√™ts_√©ric_dupondmoretti_vis√©_par_une/,Actus
tt3htv,Harassment from a person in France,[removed],https://www.reddit.com/r/france/comments/tt3htv/harassment_from_a_person_in_france/,sweet_pump,2022-03-31 18:22:57,/r/france/comments/tt3htv/harassment_from_a_person_in_france/,NaN
tt3mzx,"√Ä 54 et 46 ans, deux soeurs en bonne sant√© optent pour le suicide assist√© en Suisse: ¬´Elles voulaient mourir ensemble¬ª",,https://soirmag.lesoir.be/432964/article/2022-03-29/54-et-46-ans-deux-soeurs-en-bonne-sante-optent-pour-le-suicide-assiste-en-suisse,Gonade7,2022-03-31 18:29:36,/r/france/comments/tt3mzx/√†_54_et_46_ans_deux_soeurs_en_bonne_sant√©_optent/,Soci√©t√©
tt3npr,RECONQU√äTE qui publie sans pression du contenu raciste..,,https://mobile.twitter.com/Reconquete_Z/status/1509148275340939275?cxt=HHwWlsC4kYqXyfEpAAAA,JeHaisLesSUVs,2022-03-31 18:30:26,/r/france/comments/tt3npr/reconqu√™te_qui_publie_sans_pression_du_contenu/,NaN
tt3p9z,BTP: un syndicat d√©nonce le minutage des pauses pipi d‚Äôemploy√©s d‚Äôune caisse de retraite,,https://www.lunion.fr/id356362/article/2022-03-30/btp-un-syndicat-denonce-le-minutage-des-pauses-pipi-demployes-dune-caisse-de,Mi_figue_Fa_raisin,2022-03-31 18:32:25,/r/france/comments/tt3p9z/btp_un_syndicat_d√©nonce_le_minutage_des_pauses/,Soci√©t√©
tt3srz,¬´ qui ne dit mot consent ¬ª ressemble √† ce que dirait un homme dont le nom est r√©v√©l√© dans un tweet #balancetonporc,"J‚Äôai grandi en France dans les ann√©es 90, et c‚Äôest une phrase que je me souviens avoir beaucoup entendu. Il y a-t-il des applications qui ne soient pas forc√©ment super glauques?

D‚Äôapr√®s [wiktionary](https://fr.m.wiktionary.org/wiki/qui_ne_dit_mot_consent) √ßa viendrait d‚Äôun pape du XIIIe si√®cle, donc pas n√©cessairement une r√©f√©rence dans le domaine du consentement?",https://www.reddit.com/r/france/comments/tt3srz/qui_ne_dit_mot_consent_ressemble_√†_ce_que_dirait/,Rekamux,2022-03-31 18:36:50,/r/france/comments/tt3srz/qui_ne_dit_mot_consent_ressemble_√†_ce_que_dirait/,Soci√©t√©
tt3tv4,"Il d√©mystifie la propagande ukrainienne, d‚Äôapr√®s cet artivle 90% des histoires contre la Russie sont fausses.",,https://v.redd.it/m0rno1lml8q81,artotal,2022-03-31 18:38:12,/r/france/comments/tt3tv4/il_d√©mystifie_la_propagande_ukrainienne_dapr√®s/,NaN
tt3ynu,Providing proof of accommodation,"I am from India and will be visiting a friend in Montpellier in the summer. However, for my Schengen visa application I require proof of accommodation from my friend ‚Äî that she is willing to host me.  

From information online, my friend is confused about how she should write this for me. Especially, who she should get a signature/seal from before it's ready to be submitted by me at the visa office in India?

Any help is greatly appreciated ‚ò∫Ô∏è
Thank you in advance!",https://www.reddit.com/r/france/comments/tt3ynu/providing_proof_of_accommodation/,Disastrous_War_5797,2022-03-31 18:44:11,/r/france/comments/tt3ynu/providing_proof_of_accommodation/,Soci√©t√©
tt40pf,[Rant] Une voisine retrait√©e et vivant seule vient de poser une main courante contre moi.,[removed],https://www.reddit.com/r/france/comments/tt40pf/rant_une_voisine_retrait√©e_et_vivant_seule_vient/,Fun-Character-3678,2022-03-31 18:46:45,/r/france/comments/tt40pf/rant_une_voisine_retrait√©e_et_vivant_seule_vient/,NaN
tt49r8,Pour ou contre l'arme nucl√©aire ?,"Je viens de recevoir une cha√Æne whatsapp comme quoi le dala√Ø-lama aurait lanc√© un appel pour un d√©sarment nucl√©aire global.

https://secure.avaaz.org/campaign/fr/no_nuclear_war_loc/

Est ce que c'est vraiment le dala√Ø-lama qui a lanc√© √ßa, je sais pas et c'est pas vraiment la question.

La p√©tition demande que personne n'utilise l'arme nucl√©aire pendant ce conflit, sur √ßa je suis plut√¥t d'accord. Mais elle demande aussi que tous les pays signent le trait√© sur l'interdiction des armes nucl√©aires, et la je suis moins d'accord. 

Pour moi la dissuasion nucl√©aire est plut√¥t efficace, car jusqu'√† pr√©sent il n'y a jamais eu de conflit arm√© direct entre deux puissances nucl√©aires (enfin je crois ?). Je ne serais m√™me pas contre √† ce que l'arme nucl√©aire puisse √™tre vendue √† des d√©mocraties stables qui le d√©sirerait, genre Ta√Øwan, l'Allemagne, la Suisse, le Japon, Singapour, etc... . A quelle point mon opinion est-elle impopulaire (ou tout √† fait populaire)?",https://www.reddit.com/r/france/comments/tt49r8/pour_ou_contre_larme_nucl√©aire/,koimeria,2022-03-31 18:58:23,/r/france/comments/tt49r8/pour_ou_contre_larme_nucl√©aire/,NaN
tt4c4y,On ne craint pas l‚Äôissue du proc√®s chez Dupuis!,,https://i.redd.it/2chpid013rq81.jpg,FederalPralineLover,2022-03-31 19:01:08,/r/france/comments/tt4c4y/on_ne_craint_pas_lissue_du_proc√®s_chez_dupuis/,M√©ta
tt4e33,P'tite question,"Salut les gens, j'aurais voulu savoir si il est l√©gal pour un patron d'installer des cameras avec micro dans son entreprise.
C'est tout pour moi et merc√© !",https://www.reddit.com/r/france/comments/tt4e33/ptite_question/,Yastuce,2022-03-31 19:03:28,/r/france/comments/tt4e33/ptite_question/,Soci√©t√©
tt4l4z,C'est la Creuse,,https://i.redd.it/z7frzo825rq81.jpg,mozvip,2022-03-31 19:12:32,/r/france/comments/tt4l4z/cest_la_creuse/,NaN
tt4ohy,Le DMA et le casse-t√™te de l'interop√©rabilit√© des messageries,,https://www.nextinpact.com/article/68791/le-dma-et-casse-tete-interoperabilite-messageries,Crottoboule,2022-03-31 19:16:41,/r/france/comments/tt4ohy/le_dma_et_le_casset√™te_de_linterop√©rabilit√©_des/,Politique
tt4oqb,"J‚Äôai un √©norme chibre, que faire ?","Mon chibre fait 19 cm, je m‚Äôen sers g√©n√©ralement pour ouvrir les portes, √©galement comme je suis grand (~1m89) et bien j‚Äôarrive a utiliser la poign√©e de la porte. 

Avez vous des conseils pour que mon chibre soit plus utile a l‚Äôhumanit√© ?",https://www.reddit.com/r/france/comments/tt4oqb/jai_un_√©norme_chibre_que_faire/,Competition_Lower,2022-03-31 19:17:01,/r/france/comments/tt4oqb/jai_un_√©norme_chibre_que_faire/,M√©ta
tt54fz,La Russie exigera d√®s vendredi le paiement du gaz en roubles,,https://www.lesechos.fr/monde/europe/guerre-en-ukraine-la-russie-exigera-des-vendredi-le-paiement-du-gaz-en-roubles-1397597,C_kloug,2022-03-31 19:36:50,/r/france/comments/tt54fz/la_russie_exigera_d√®s_vendredi_le_paiement_du_gaz/,Politique
tt55ai,"Les gens qui s'appr√™tent √† voter Macron, qu'est-ce qui va pas chez vous ?","J'ai l'impression de vivre dans un univers parall√®le lorsque je vois Macron en t√™te des premier et deuxi√®me tours de la pr√©sidentielle. Ses √©lecteurs √©taient comateux les 5 derni√®res ann√©es ?

Comment voter pour lui apr√®s les affaires Benalla, de Rugy, Alstom, McKinsey, BlackRock, le Rothschild Gate, les d√Æners de Bercy, la chasse aux sorci√®res islamo-gauchistes, les journalistes nass√©s lors de manifestations, ce violeur de Darmanin, la gestion du COVID et la destruction de nos services publics et de notre syst√®me de sant√©, OpenLux, la r√©pression du mouvement des gilets jaunes et les violences polici√®res compl√®tement ignor√©es ?  
Ou ne serait-ce humainement ? Macron n'a jamais cach√© son m√©pris pour le peuple (""traversez la rue"", ""venez me chercher""). C'est un parvenu qui ne doit rien au m√©rite mais tout au piston (Rothschild Gate et d√Æners de Bercy encore une fois). Vous ne percevez pas sa fausset√© lorsqu'il prend ce ton affect√© et solennel de mauvais acteur ? Ou alors son cheveux sur la langue qu'il cache tr√®s mal. Ou sa relation ≈ìudipienne avec sa femme qui aurait pu (aurait d√ª) √™tre poursuivie pour atteinte sexuelle sur mineur par personne ayant autorit√©. Y a rien qui va chez lui.

Donc √©clairez ma lanterne SVP",https://www.reddit.com/r/france/comments/tt55ai/les_gens_qui_sappr√™tent_√†_voter_macron_questce/,MJDeadass,2022-03-31 19:37:54,/r/france/comments/tt55ai/les_gens_qui_sappr√™tent_√†_voter_macron_questce/,Ask France 
tt5ez9,[OC] Un an de d√©penses avec un salaire de ~100.000‚Ç¨ en France,,https://i.redd.it/0r7ktb5zgkq81.png,Gamerboy6774,2022-03-31 19:49:58,/r/france/comments/tt5ez9/oc_un_an_de_d√©penses_avec_un_salaire_de_100000_en/,NaN
tt5f9w,Pourquoi Marine Le Pen peut croire √† la victoire,,https://www.bfmtv.com/politique/elections/presidentielle/pourquoi-marine-le-pen-peut-croire-a-la-victoire_AV-202203310351.html?fbclid=IwAR3up0wahXeFEAQ79SM_8t3m2irwHHgx--STlcPO6XlkTkgwU5g9EW7aaL4,yaxxxi,2022-03-31 19:50:21,/r/france/comments/tt5f9w/pourquoi_marine_le_pen_peut_croire_√†_la_victoire/,NaN
tt5ld4,Recommendations De Restaurante Paris,"Vaste sujet je  Sais, Mais si vous en avais Des suggestions/Avis Des resto interessante (aucune budget) j‚Äôapprecier beaucoup vos conseils. J‚Äôaime tout Les genres de cuisine.

Pardonner Mon francais.

Merci.",https://www.reddit.com/r/france/comments/tt5ld4/recommendations_de_restaurante_paris/,beegeecdn,2022-03-31 19:57:57,/r/france/comments/tt5ld4/recommendations_de_restaurante_paris/,Culture
tt5npe,"Allez pas de tabou¬≤, vous √™tes un grower ou shower ?","Votre sexe fait plut√¥t: 

8--    8-----        grower

ou bien

8----  8-----        shower

google:
All penises get bigger when they're erect ‚Äî but there is some evidence of ‚Äúshowers‚Äù and ‚Äúgrowers.‚Äù ‚ÄúShowers‚Äù are people whose penises are the same length when they're soft (flaccid) or hard (erect). ‚ÄúGrowers‚Äù are people whose penises get significantly longer and sometimes wider when they're erect.

Moi, de 7cm (je d√©conne pas) √† 18cm (je d√©conne toujours pas). Nous les growers semblont √™tre beaucoup plus rare, c'est toujours un bon moment la premi√®re fois qu'elles s'en rendent compte et √ßa laisse de bon souvenirs ;)",https://www.reddit.com/r/france/comments/tt5npe/allez_pas_de_tabou¬≤_vous_√™tes_un_grower_ou_shower/,WorldOfAbigail,2022-03-31 20:00:38,/r/france/comments/tt5npe/allez_pas_de_tabou¬≤_vous_√™tes_un_grower_ou_shower/,NaN
tt5tzs,¬´Je suis oppos√© √† la l√©gitime d√©fense¬ª : la r√©action de Macron au meurtre d'un cambrioleur,,https://www.europe1.fr/politique/je-suis-oppose-a-la-legitime-defense-la-reaction-de-macron-au-meurtre-dun-cambrioleur-4103037,foutreardent,2022-03-31 20:08:26,/r/france/comments/tt5tzs/je_suis_oppos√©_√†_la_l√©gitime_d√©fense_la_r√©action/,Soci√©t√©
tt5yh0,"Bonjour, est-ce que quelqu'un sait √† quoi sert cet objet ?",,https://i.redd.it/opk27153grq81.jpg,Tuyer_219,2022-03-31 20:14:17,/r/france/comments/tt5yh0/bonjour_estce_que_quelquun_sait_√†_quoi_sert_cet/,NaN
tt6cbk,Quiz : de quel candidat √™tes-vous le plus proche ? - Le Monde,,https://www.lemonde.fr/les-decodeurs/article/2022/03/31/quiz-sur-la-presidentielle-2022-de-quel-candidat-etes-vous-le-plus-proche_6119971_4355770.html,Nocta_Senestra,2022-03-31 20:31:21,/r/france/comments/tt6cbk/quiz_de_quel_candidat_√™tesvous_le_plus_proche_le/,NaN
tt6elr,On se foutrait pas un peu de nos gueules ?,,https://i.redd.it/yxfo2cbmjrq81.jpg,Didgeridooh,2022-03-31 20:34:06,/r/france/comments/tt6elr/on_se_foutrait_pas_un_peu_de_nos_gueules/,Trompeur ?
tt6gch,J'avoue je me serais fait avoir ! Mais bon je ne candidate pas pour √™tre pr√©sident de la r√©publique... üòè,,https://www.liberation.fr/politique/elections/peut-on-etre-president-de-la-republique-et-nul-en-geographie-20220331_AAXYSOHSH5D6NAMQGTRKMPWBQ4/,jindy12,2022-03-31 20:36:15,/r/france/comments/tt6gch/javoue_je_me_serais_fait_avoir_mais_bon_je_ne/,Culture
tt6jng,Que ce passerait-t-il pour moi si Zemmour √©tait au pouvoir,"Pour le contexte, j'ai 15 ans je suis quasi sure d'√™tre autiste (en attente d'un diagnostic demand√© par la psychologue), je suis gay et pas cisgenre. Les deux derniers ne se font pas vraiment voir donc je ne sait pas si √ßa va vraiment m'affecter.

Si c'est contre les r√®gles, mettez moi au courant svp",https://www.reddit.com/r/france/comments/tt6jng/que_ce_passeraittil_pour_moi_si_zemmour_√©tait_au/,Yamembarassed,2022-03-31 20:40:18,/r/france/comments/tt6jng/que_ce_passeraittil_pour_moi_si_zemmour_√©tait_au/,Politique
tt6jps,Un ami perdu,"salut
mon nom est neeraja et je viens de l'Inde. J'ai rencontr√© ce fran√ßais dans la section chat d'Omegle le 13 f√©vrier 2022. il est probablement l'une des meilleures personnes que j'ai rencontr√©es en ligne, mais cela fait plus d'un mois que nous n'avons pas parl√© et je suis vraiment inquiet. Je ne sais pas vraiment s'il va bien ou pas et je n'ai pas vraiment d'autre alternative pour le contacter que Snapchat. c'est comme si j'avais perdu un ami proche. s'il vous pla√Æt aidez-moi √† le retrouver parce que mon ami et nos discussions idiotes me manquent.
pour information, il a 20 ans et est toulousain.
√©tudie le cin√©ma et mesure environ 6 pieds.
Je suis d√©sol√© d'avoir fait autant d'erreurs, j'utilise actuellement Google Translate, alors veuillez comprendre.
Merci!",https://www.reddit.com/r/france/comments/tt6jps/un_ami_perdu/,seri2304,2022-03-31 20:40:23,/r/france/comments/tt6jps/un_ami_perdu/,Annonce
tt6mrt,Politiquement correcte,,https://i.redd.it/nvul9x8elrq81.jpg,Roudoudou34,2022-03-31 20:44:17,/r/france/comments/tt6mrt/politiquement_correcte/,Trompeur ?
tt6osi,Est-ce ill√©gal d'arracher des affiches √©lectorales ?,"Au bout de 2-3 jours y'a d√©j√† la moiti√© des affiches √©lectorales qui sont compl√®tement arrach√©es des panneaux √† c√¥t√© de chez moi. Je me demandais, que dit la loi √† propos de √ßa ?",https://www.reddit.com/r/france/comments/tt6osi/estce_ill√©gal_darracher_des_affiches_√©lectorales/,Simple-Lunch-1404,2022-03-31 20:46:46,/r/france/comments/tt6osi/estce_ill√©gal_darracher_des_affiches_√©lectorales/,Elections
tt6udf,"J'ai √©t√© admis √† L'Universit√© Toulouse Jean Jaur√®s, est-elle bonne ?","Je commencerai mes √©tudes en Lettres Modernes comme √©tudiant international dans l'Universit√© de Toulouse II cette Septembre et je voudrais en savoir plus sur l'universit√©, le m√©thode d'enseignement, les r√©sidences, etc. Si quelqu'un pouvait me donner des petits astuces √ßa serait parfait. Merci beaucoup :D",https://www.reddit.com/r/france/comments/tt6udf/jai_√©t√©_admis_√†_luniversit√©_toulouse_jean_jaur√®s/,PLuis18,2022-03-31 20:53:55,/r/france/comments/tt6udf/jai_√©t√©_admis_√†_luniversit√©_toulouse_jean_jaur√®s/,Forum Libre
tt764g,Peut-on √™tre pr√©sident de la R√©publique et nul en g√©ographie? ‚Äì Lib√©ration,,https://www.liberation.fr/politique/elections/peut-on-etre-president-de-la-republique-et-nul-en-geographie-20220331_AAXYSOHSH5D6NAMQGTRKMPWBQ4/,jindy12,2022-03-31 21:09:00,/r/france/comments/tt764g/peuton_√™tre_pr√©sident_de_la_r√©publique_et_nul_en/,Culture
tt79zp,"Manger un avocat par semaine est bon pour le c≈ìur, affirment les scientifiques",,https://www.futura-sciences.com/sante/actualites/maladies-cardiovasculaires-manger-avocat-semaine-bon-coeur-affirment-scientifiques-97703/,eliumnick,2022-03-31 21:13:54,/r/france/comments/tt79zp/manger_un_avocat_par_semaine_est_bon_pour_le_c≈ìur/,Science
tt7fw5,"McKinsey, nouvel exutoire populiste, par Jean-Charles Simon [source : Les √âchos]",,https://i.redd.it/jm41nc50srq81.jpg,BlueDusk99,2022-03-31 21:21:13,/r/france/comments/tt7fw5/mckinsey_nouvel_exutoire_populiste_par/,Actus
tt7gzz,Mission Humanitaire,"Hi Im just going to post this in English given that it's the language I'm most comfortable with.  I'm Irish please don't hate me for it.

I am going to Warsaw around April 15 with as much food as I can possibly carry.  I'm interested mostly in dehydrated meals / MREs.

I have about 10.000 euros to spend on this and another 5K for transport.  I'm just looking for resources on arranging a bulk purchase of such foods.

All the vendors I am familiar with, unfortunately, require more lead time for shipping than the people in Mariupol have left.  Does anyone have suggestions on how to do this directly in France?

I ask for France specifically because that's our first port of call on the continent.",https://www.reddit.com/r/france/comments/tt7gzz/mission_humanitaire/,rereginleif,2022-03-31 21:22:38,/r/france/comments/tt7gzz/mission_humanitaire/,NaN
tt7ieq,Besoin d'aide (marianas web),[removed],https://www.reddit.com/r/france/comments/tt7ieq/besoin_daide_marianas_web/,Marianas_Dnx,2022-03-31 21:24:29,/r/france/comments/tt7ieq/besoin_daide_marianas_web/,NaN
tt7k5v,Spring4Shell CVE-2022-22965 : comment neutraliser cette vuln√©rabilit√© ?,,https://cyberwatch.fr/cve/spring4shell-tout-savoir-sur-la-vulnerabilite-0-day-liee-a-java-spring/,tarraschk,2022-03-31 21:26:53,/r/france/comments/tt7k5v/spring4shell_cve202222965_comment_neutraliser/,Actus
tt7ldk,Looking for People Interested in Dating to Participate!,[removed],https://www.reddit.com/r/france/comments/tt7ldk/looking_for_people_interested_in_dating_to/,perfectpopcorn,2022-03-31 21:28:32,/r/france/comments/tt7ldk/looking_for_people_interested_in_dating_to/,NaN
tt7qfu,10 ans D:,,https://www.youtube.com/watch?v=Y7-vP7TnluY,Mechanizen,2022-03-31 21:34:58,/r/france/comments/tt7qfu/10_ans_d/,NaN
tt7qop,"[OC] Le ""Fin Fond de la Creuse""",,https://i.redd.it/4asfw1vaurq81.jpg,Tyrajausore,2022-03-31 21:35:15,/r/france/comments/tt7qop/oc_le_fin_fond_de_la_creuse/,M√©ta
tt7r3j,Des pro de la s√©curit√© ici qui aurait des conseils pour se prot√©ger des cambriolages ?,,https://i.redd.it/kjizbgsmurq81.jpg,berardt,2022-03-31 21:35:50,/r/france/comments/tt7r3j/des_pro_de_la_s√©curit√©_ici_qui_aurait_des/,Ask France 
tt7ry6,"Inversion des p√¥les magn√©tiques, on sait pour quand ? Besoin d‚Äôexprimer ma peur ici..",[removed],https://www.reddit.com/r/france/comments/tt7ry6/inversion_des_p√¥les_magn√©tiques_on_sait_pour/,SarahLajyr,2022-03-31 21:36:54,/r/france/comments/tt7ry6/inversion_des_p√¥les_magn√©tiques_on_sait_pour/,NaN
tt8e2z,union europ√©enne et crypto,"Quelqu'un peut m'expliquer ce que le parlement europ√©en veut voter √† propos des wallet crypto
 car je comprends rien, merci.",https://www.reddit.com/r/france/comments/tt8e2z/union_europ√©enne_et_crypto/,ATHbuyer,2022-03-31 22:04:54,/r/france/comments/tt8e2z/union_europ√©enne_et_crypto/,√âconomie
tt8jsn,Is there a train between Nice and Monaco and what is it called?,Is there a train between Nice and Monaco and what is it called?,https://www.reddit.com/r/france/comments/tt8jsn/is_there_a_train_between_nice_and_monaco_and_what/,GarrenKelly,2022-03-31 22:12:14,/r/france/comments/tt8jsn/is_there_a_train_between_nice_and_monaco_and_what/,Ask France 
tt8qcq,u,,https://i.redd.it/xufw187l2sq81.png,tacitus_killgore5,2022-03-31 22:20:29,/r/france/comments/tt8qcq/u/,NaN
tt8sgc,"Covid-19, Didier Raoult, vote... on d√©m√™le le vrai du faux de l'interview de Nicolas Dupont-Aignan √† Nice-Matin",,https://www.nicematin.com/politique/covid-19-didier-raoult-vote-on-demele-le-vrai-du-faux-de-linterview-de-nicolas-dupont-aignan-a-nice-matin-755788,Fearless-Cricket3297,2022-03-31 22:23:08,/r/france/comments/tt8sgc/covid19_didier_raoult_vote_on_d√©m√™le_le_vrai_du/,Covid-19
tt8wkx,Question About Access to Dental Care in France,"If I have posted this on the wrong subreddit please advise me where I should ask. I am not trying to post the wrong thing here, just to get help.

Hi,

I am trying to help my friend who is on a 9 month placement in France. It is not a student placement as such but they are not paid, instead their university is providing a stipend (monthly payment). They are in France under a professional visa I believe but it is not a work visa as such, I think it's a student researcher visa? They said it was a class ""D"" visa? They are working at CERN but living on the French side, not the Swiss side.

Because of Brexit things are screwed up and no one knows how to do things.

My friend has been there 3 months now and has recently received a French resident card.  They would like to access a dentist but don't know how to do this. As they are not employed they cannot get a social security number as far as I understand.

How do they go about getting access to a dentist please?

I do not speak French so I am having trouble researching this issue and my friend is not good at speaking to people in person so it is hard to get them to find anything out.

If anyone can help me I would really appreciate it!",https://www.reddit.com/r/france/comments/tt8wkx/question_about_access_to_dental_care_in_france/,skellious,2022-03-31 22:28:18,/r/france/comments/tt8wkx/question_about_access_to_dental_care_in_france/,NaN
tt8zfw,Vous pensez quoi de la l√©galisation du cannabis,[removed],https://www.reddit.com/r/france/comments/tt8zfw/vous_pensez_quoi_de_la_l√©galisation_du_cannabis/,DragonflyPutrid8381,2022-03-31 22:31:37,/r/france/comments/tt8zfw/vous_pensez_quoi_de_la_l√©galisation_du_cannabis/,NaN
tt953d,"[R√©tro] Chabal, Charvet et Moscato se d√©passent pour nous offrir le moment sportif le plus survolt√© de 21e si√®cle",,https://v.redd.it/cbth7xop5sq81,pdubzy,2022-03-31 22:38:30,/r/france/comments/tt953d/r√©tro_chabal_charvet_et_moscato_se_d√©passent_pour/,NaN
tt9d9u,"[R√©tro] Chabal, Charvet et Moscato se d√©passent pour nous offrir le moment sportif le plus survolt√© de 21e si√®cle",,https://streamable.com/dfus6a,pdubzy,2022-03-31 22:48:34,/r/france/comments/tt9d9u/r√©tro_chabal_charvet_et_moscato_se_d√©passent_pour/,NaN
tt9din,Did the forget to assign me Formation Civique dates?,"Bonjour! 

I just finished my day in OFII Cr√©teil and I just realized they never told me about When and Where the Civic training classes will be conducted. üò• 

They gave me the attached papers - does this mean I am the one who has to choose or schedule the 4 classes?

https://imgur.com/a/seEzH9Y",https://www.reddit.com/r/france/comments/tt9din/did_the_forget_to_assign_me_formation_civique/,mustarddee,2022-03-31 22:48:55,/r/france/comments/tt9din/did_the_forget_to_assign_me_formation_civique/,Ask France 
tt9jxm,Did they forget to assign Formation Civique dates?,"Bonsoir! 

I just finished my day in OFII Cr√©teil and I just realized they never told me about WHEN and WHERE the Civic training classes will be conducted. üò• 

They gave me the papers (link below) - does this mean I am the one who has to choose or schedule the 4 classes?

https://imgur.com/a/seEzH9Y

If anyone has gone through the same process please help me as I am freaking out!!!
Thank You!",https://www.reddit.com/r/france/comments/tt9jxm/did_they_forget_to_assign_formation_civique_dates/,mustarddee,2022-03-31 22:57:12,/r/france/comments/tt9jxm/did_they_forget_to_assign_formation_civique_dates/,Ask France 
tt9knt,"TIL when a city had replaced all their intersections with roundabouts, construction costs dropped $125,000, fuel savings reached 24k gallons/year per roundabout and injury accidents dropped 80%.",,https://www.carmel.in.gov/department-services/engineering/roundabouts,not_franck_the_cook,2022-03-31 22:58:09,/r/france/comments/tt9knt/til_when_a_city_had_replaced_all_their/,NaN
tt9wtd,"Regardez ""P√©docriminalit√©: que sont vraiment pr√™ts √† faire les candidats ?"" sur YouTube",,https://youtu.be/6meBL3KWuMU,pollypetitpoid,2022-03-31 23:13:14,/r/france/comments/tt9wtd/regardez_p√©docriminalit√©_que_sont_vraiment_pr√™ts/,Politique
tt9wyx,Comment quiconque peut √™tre communiste de nos jours?,Alors que √ßa a tout le temps √©chou√© ?,https://www.reddit.com/r/france/comments/tt9wyx/comment_quiconque_peut_√™tre_communiste_de_nos/,FecesAndVomitEater,2022-03-31 23:13:26,/r/france/comments/tt9wyx/comment_quiconque_peut_√™tre_communiste_de_nos/,NaN
tta1xw,"[V.I.E.] flou artistique, besoin d‚Äôaide","Hello chers fran√ßais. 
Je vais √™tre catapult√© en Su√®de dans un mois pour un VIE, apr√®s seulement une semaine de recrutement, je suis un peu √† l‚Äôouest du coup sur certains aspects pratiques et appelle donc la commu qui s‚Äôy connait √† l‚Äôaide. 

- les cong√©s (eh ouai je suis fran√ßais ouai), on conserve bien les 25 jours ? J‚Äôai cru comprendre qu‚Äôon applique la r√®gle locale pour le travail mais pas pour les cong√©s. 

- l‚Äôassurance Business France, elle couvre quoi? On a besoin d‚Äôaucune autre assurance ? 

- a t-on des remboursements divers et vari√©s du type transport et panier repas ou nada ? 

- notre patron c‚Äôest qui ? La relation de subordination est bien forc√©ment envers le manager mais le patron, celui qui paie pour mon travail, c‚Äôest bien la France ? On est bien sur une relation tripartite ? 

- en Su√®de, on dit chocolatine ou pain au chocolat ? 

Merci d‚Äôavance, c‚Äôpas facile de s‚Äôy rep√©rer, j‚Äôai l‚Äôimpression que c‚Äôest un contrat vraiment de niche.",https://www.reddit.com/r/france/comments/tta1xw/vie_flou_artistique_besoin_daide/,Cultural_Time_7308,2022-03-31 23:19:51,/r/france/comments/tta1xw/vie_flou_artistique_besoin_daide/,NaN
tta2n9,Is there a french phone book specifically for the area around Ambar√®s et Lagrave,[removed],https://www.reddit.com/r/france/comments/tta2n9/is_there_a_french_phone_book_specifically_for_the/,Thund3rV,2022-03-31 23:20:40,/r/france/comments/tta2n9/is_there_a_french_phone_book_specifically_for_the/,NaN
ttajh4,La voiture √©lectrique moins fiable que la voiture thermique,,https://www.lepoint.fr/automobile/securite/la-voiture-electrique-moins-fiable-que-la-voiture-thermique-31-03-2022-2470409_657.php,MrJibus,2022-03-31 23:42:12,/r/france/comments/ttajh4/la_voiture_√©lectrique_moins_fiable_que_la_voiture/,Actus
ttamou,Recommandation banque,"Bonjour la France,

Je suis √©tudiant en France depuis maintenant septembre dernier et tout ce passe nickel, je m'assimile bien et mes √©tudes vont bien, MAIS depuis mon arriv√©e je n'ai que des probl√®mes avec ma banque.

J'ai ouvert un compte chez le cr√©dit agricole Nord de France en d√©cembre 2021, et jusqu'√† √† ce jour, je n'arrive pas √† effectuer des virements pour payer mon loyer et je suis donc oblig√© de passer par Revolut (neo banque anglaise) pour g√©n√©rer un payement pour me verser de l'argent sur mon compte pour pouvoir payer mon loyer et faire mes achats en ligne en toute tranquillit√©.

Sauf que ceci n'est pas du tout pratique et vu que j'ai un plafond de 1500‚Ç¨ par mois je ne peux pas me permettre de faire √ßa chaque mois.

Tout ceci parceque d'apr√®s eux j'ai pas fourni tous les documents n√©cessaires, √ßa fait maintenant 3 mois que je leur envoie les documents qui me demandent, et que je n'ai pas de r√©ponse.
Du coup je les rappelle pour voir, ils me disent que mon conseiller ne travaille plus dans l'agence et que je dois tout renvoyer, en sachant qu'ils me demandaient des trucs bizarre genre une attestation d'h√©bergement de mon papa alors qu'il r√©side en Tunisie et que j'ai d√©j√† num√©riser mon contrat de bail de mon appartement √† mon nom en France ainsi que mon attestation d'assurance habitation le jour de l'ouverture du compte ??? Ils m'ont aussi demand√© des papiers fiscaux de mes parents et des preuves de domicile en Tunisie ?

Donc en gros, j'en peux plus de leurs histoires et j'aimerais bien passer chez une autre banque qui va pas me casser la t√™te avec de l'incomp√©tence et du manque de professionnalisme , et leur inaptitude √† r√©pondre √† mes mails et √† mes appels.

cher citoyens fran√ßais, que me conseillez-vous en terme de banque traditionnelle. Un grand merci en avance.

PS: Les banques en ligne sont √† √©viter pour moi car pour que mes parents puissent m'envoyer de l'argent il faut qu'elle soit agr√©√© et reconnue par ma banque en Tunisie sinon j'aurais d'autres probl√®mes.",https://www.reddit.com/r/france/comments/ttamou/recommandation_banque/,S-Spec,2022-03-31 23:46:37,/r/france/comments/ttamou/recommandation_banque/,√âconomie
ttavlj,"Incendie de mon v√©hicule √† mon domicile, quelle assurance prend quoi?",[removed],https://www.reddit.com/r/france/comments/ttavlj/incendie_de_mon_v√©hicule_√†_mon_domicile_quelle/,Logical_Insurance744,2022-03-31 23:58:17,/r/france/comments/ttavlj/incendie_de_mon_v√©hicule_√†_mon_domicile_quelle/,NaN
